Name,Age,Tm,Lg,G,PA,AB,R,H,2B,3B,HR,RBI,SB,CS,BB,SO,BA,OBP,SLG,OPS,OPS+,TB,GDP,HBP,SH,SF,IBB,BB%,K%,ISO,BABIP,wOBA,wRC+,BsR,Off,Def,WAR
Mike Trout,22,LAA,AL,157,705,602,115,173,39,9,36,111,16,2,83,184,0.287,0.377,0.561,0.939,168,338,6,10,0,10,6,0.118,0.261,0.274,0.349,0.402,167.0,6.5,58.6,-8.4,8.0
Andrew McCutchen,27,PIT,NL,146,648,548,89,172,38,6,25,83,18,3,84,115,0.314,0.41,0.542,0.952,166,297,9,10,0,6,8,0.13,0.177,0.228,0.355,0.412,169.0,1.7,51.8,-8.6,6.9
Alex Gordon,30,KCR,AL,156,643,563,87,150,34,1,19,74,12,3,65,126,0.266,0.351,0.432,0.783,118,243,11,11,0,4,5,0.101,0.196,0.165,0.31,0.346,122.0,5.7,21.1,17.9,6.6
Josh Donaldson,28,OAK,AL,158,695,608,93,155,31,2,29,98,8,0,76,130,0.255,0.342,0.456,0.798,127,277,16,7,0,4,5,0.109,0.187,0.201,0.278,0.351,129.0,-1.6,20.3,16.7,6.5
Anthony Rendon,24,WSN,NL,153,683,613,111,176,39,6,21,83,17,3,58,104,0.287,0.351,0.473,0.824,125,290,11,5,2,5,2,0.085,0.152,0.186,0.314,0.361,130.0,6.6,29.6,9.2,6.5
Jose Bautista,33,TOR,AL,155,673,553,101,158,27,0,35,103,6,2,104,96,0.286,0.403,0.524,0.928,161,290,18,9,1,6,11,0.155,0.143,0.239,0.287,0.402,160.0,-2.5,42.0,-5.8,6.4
Giancarlo Stanton,24,MIA,NL,145,638,539,89,155,31,1,37,105,13,1,94,170,0.288,0.395,0.555,0.95,164,299,16,3,0,2,24,0.147,0.266,0.267,0.353,0.403,159.0,0.1,42.7,-5.1,6.2
Michael Brantley,27,CLE,AL,156,676,611,94,200,45,2,20,97,23,1,52,56,0.327,0.385,0.506,0.89,148,309,16,8,0,5,4,0.077,0.083,0.178,0.333,0.389,153.0,5.1,44.6,-10.4,6.1
Jonathan Lucroy,28,MIL,NL,153,655,585,73,176,53,2,13,69,4,4,66,71,0.301,0.373,0.465,0.837,131,272,13,2,0,2,3,0.101,0.108,0.164,0.324,0.368,132.0,-1.7,22.0,14.6,6.1
Adrian Beltre,35,TEX,AL,148,614,549,79,178,33,1,19,77,1,1,57,74,0.324,0.388,0.492,0.879,144,270,15,3,0,5,13,0.093,0.121,0.168,0.345,0.38,141.0,0.0,27.4,4.7,5.7
Carlos Gomez,28,MIL,NL,148,644,574,95,163,34,4,23,73,34,12,47,141,0.284,0.356,0.477,0.833,129,274,10,19,1,3,0,0.073,0.219,0.193,0.339,0.368,132.0,1.8,24.7,7.8,5.7
Buster Posey,27,SFG,NL,147,605,547,72,170,28,2,22,89,0,1,47,69,0.311,0.364,0.49,0.854,143,268,16,3,0,8,5,0.078,0.114,0.179,0.319,0.371,145.0,-3.4,26.9,7.0,5.7
Anthony Rizzo,24,CHC,NL,140,616,524,89,150,28,1,32,78,5,4,73,116,0.286,0.386,0.527,0.913,152,276,8,15,0,4,7,0.119,0.188,0.24,0.311,0.397,155.0,-0.6,37.3,-3.8,5.7
Adam Jones,28,BAL,AL,159,682,644,88,181,30,2,29,96,7,1,19,133,0.281,0.311,0.469,0.78,115,302,11,12,0,7,1,0.028,0.195,0.188,0.311,0.34,116.0,5.4,17.6,10.2,5.5
Kyle Seager,26,SEA,AL,159,654,590,71,158,27,4,25,96,7,5,52,118,0.268,0.334,0.454,0.788,126,268,12,8,1,3,3,0.08,0.18,0.186,0.296,0.346,127.0,-3.5,15.8,12.9,5.5
Ben Zobrist,33,TBR,AL,146,654,570,83,155,34,3,10,52,10,5,75,84,0.272,0.354,0.395,0.749,116,225,8,1,2,6,4,0.115,0.128,0.123,0.301,0.333,117.0,2.4,14.9,14.4,5.5
Jose Abreu,27,CHW,AL,145,622,556,80,176,35,2,36,107,3,1,51,131,0.317,0.383,0.581,0.964,173,323,14,11,0,4,15,0.082,0.211,0.264,0.356,0.411,167.0,-2.9,42.7,-14.4,5.3
Jhonny Peralta,32,STL,NL,157,628,560,61,147,38,0,21,75,3,2,58,112,0.263,0.336,0.443,0.779,117,248,19,6,0,4,2,0.092,0.178,0.18,0.292,0.343,120.0,-3.5,10.9,18.8,5.3
Yasiel Puig,23,LAD,NL,148,640,558,92,165,37,9,16,69,11,7,67,124,0.296,0.382,0.48,0.863,145,268,7,12,2,1,3,0.105,0.194,0.185,0.356,0.379,147.0,1.4,35.3,-5.7,5.3
Robinson Cano,31,SEA,AL,157,665,595,77,187,37,2,14,82,10,3,61,68,0.314,0.382,0.454,0.836,142,270,19,6,0,3,20,0.092,0.102,0.139,0.335,0.361,137.0,1.3,28.3,-2.4,5.2
Jason Heyward,24,ATL,NL,149,649,573,74,155,26,3,11,58,20,4,67,98,0.271,0.351,0.384,0.735,109,220,2,6,0,3,3,0.103,0.151,0.113,0.308,0.329,110.0,3.4,10.9,17.3,5.2
Ian Kinsler,32,DET,AL,161,726,684,100,188,40,4,17,92,15,4,29,79,0.275,0.307,0.42,0.727,103,287,20,5,3,5,1,0.04,0.109,0.145,0.288,0.319,103.0,5.9,8.1,15.4,5.2
Troy Tulowitzki,29,COL,NL,91,375,315,71,107,18,1,21,52,1,1,50,57,0.34,0.432,0.603,1.035,170,190,4,5,0,5,4,0.133,0.152,0.263,0.355,0.444,170.0,0.3,29.9,6.8,5.2
Miguel Cabrera,31,DET,AL,159,685,611,101,191,52,1,25,109,1,1,60,117,0.313,0.371,0.524,0.895,150,320,21,3,0,11,10,0.088,0.171,0.211,0.346,0.384,148.0,-2.4,33.8,-9.2,5.1
Josh Harrison,26,PIT,NL,143,550,520,77,164,38,7,13,52,18,7,22,81,0.315,0.347,0.49,0.837,133,255,6,4,2,2,1,0.04,0.147,0.175,0.353,0.365,137.0,3.5,26.5,3.1,5.0
Russell Martin,31,PIT,NL,111,460,379,45,110,20,0,11,67,4,4,59,78,0.29,0.402,0.43,0.832,135,163,16,15,2,5,5,0.128,0.17,0.14,0.336,0.37,141.0,-4.3,16.7,14.9,5.0
Jayson Werth,35,WSN,NL,147,629,534,85,156,37,1,16,82,9,1,83,113,0.292,0.394,0.455,0.849,134,243,9,9,0,3,3,0.132,0.18,0.163,0.343,0.377,141.0,6.1,35.0,-8.5,5.0
Lorenzo Cain,28,KCR,AL,133,502,471,55,142,29,4,5,53,28,5,24,108,0.301,0.339,0.412,0.751,109,194,9,4,0,3,2,0.048,0.215,0.11,0.38,0.33,111.0,5.2,11.2,16.8,4.9
Steve Pearce,31,BAL,AL,102,383,338,51,99,26,0,21,49,5,0,40,76,0.293,0.373,0.556,0.93,157,188,4,4,0,1,1,0.104,0.198,0.263,0.322,0.404,161.0,1.0,26.6,5.4,4.9
Jose Altuve,24,HOU,AL,158,707,660,85,225,47,3,7,59,56,9,36,53,0.341,0.377,0.453,0.83,135,299,20,5,1,5,7,0.051,0.075,0.112,0.36,0.363,134.0,4.9,31.5,-10.1,4.8
Brian Dozier,27,MIN,AL,156,707,598,112,145,33,1,23,71,21,7,89,129,0.242,0.345,0.416,0.762,114,249,8,9,3,8,1,0.126,0.182,0.174,0.269,0.34,117.0,9.5,23.0,-2.7,4.7
Todd Frazier,28,CIN,NL,157,660,597,88,163,22,1,29,80,20,8,52,139,0.273,0.336,0.459,0.795,121,274,9,7,0,4,2,0.079,0.211,0.186,0.309,0.35,121.0,4.7,20.1,3.4,4.7
Howie Kendrick,30,LAA,AL,157,674,617,85,181,33,5,7,75,14,5,48,110,0.293,0.347,0.397,0.744,116,245,15,4,3,2,8,0.071,0.163,0.104,0.347,0.328,115.0,0.8,12.0,8.8,4.7
Hunter Pence,31,SFG,NL,162,708,650,106,180,29,10,20,74,13,6,52,130,0.277,0.332,0.445,0.777,121,289,13,3,0,3,3,0.073,0.184,0.168,0.318,0.341,124.0,6.2,25.2,-3.4,4.7
Yan Gomes,26,CLE,AL,135,518,485,61,135,25,3,21,74,0,0,24,120,0.278,0.313,0.472,0.785,117,229,13,3,0,6,3,0.046,0.232,0.194,0.326,0.34,119.0,0.9,11.8,12.4,4.5
Devin Mesoraco,26,CIN,NL,114,440,384,54,105,25,0,25,80,1,3,41,103,0.273,0.359,0.534,0.893,147,205,5,12,0,3,4,0.093,0.234,0.26,0.309,0.387,146.0,-2.2,20.6,7.3,4.5
Paul Goldschmidt,26,ARI,NL,109,479,406,75,122,39,1,19,69,9,3,64,110,0.3,0.396,0.542,0.938,158,220,10,2,0,3,10,0.134,0.23,0.241,0.368,0.402,155.0,3.3,32.8,-7.3,4.4
Starling Marte,25,PIT,NL,135,545,495,73,144,29,6,13,56,30,11,33,131,0.291,0.356,0.453,0.808,127,224,5,17,0,0,0,0.061,0.24,0.162,0.373,0.358,133.0,8.0,28.0,-4.5,4.4
Chase Utley,35,PHI,NL,155,664,589,74,159,36,6,11,78,10,1,53,85,0.27,0.339,0.407,0.746,108,240,8,13,0,9,12,0.08,0.128,0.138,0.295,0.325,105.0,6.5,10.6,10.3,4.4
Christian Yelich,22,MIA,NL,144,660,582,94,165,30,6,9,54,21,7,70,137,0.284,0.362,0.402,0.764,115,234,9,3,3,2,3,0.106,0.208,0.119,0.356,0.341,117.0,3.8,16.3,4.0,4.4
Erick Aybar,30,LAA,AL,156,642,589,77,164,30,4,7,68,16,9,36,62,0.278,0.321,0.379,0.7,103,223,10,5,3,8,4,0.056,0.097,0.1,0.297,0.308,101.0,2.8,3.8,14.6,4.3
Victor Martinez,35,DET,AL,151,641,561,87,188,33,0,32,103,3,2,70,42,0.335,0.409,0.565,0.974,172,317,17,4,0,6,28,0.109,0.066,0.23,0.316,0.411,167.0,-7.5,39.9,-21.2,4.3
Freddie Freeman,24,ATL,NL,162,708,607,93,175,43,4,18,78,3,4,90,145,0.288,0.386,0.461,0.847,139,280,18,8,0,3,4,0.127,0.205,0.173,0.351,0.374,141.0,-4.0,28.5,-11.4,4.2
Chase Headley,30,TOT,MLB,135,531,470,55,114,20,1,13,49,7,3,51,122,0.243,0.328,0.372,0.7,102,175,17,9,0,1,1,0.096,0.23,0.13,0.301,0.316,103.0,-1.5,0.2,21.6,4.2
Dustin Pedroia,30,BOS,AL,135,609,551,72,153,33,0,7,53,6,6,51,75,0.278,0.337,0.376,0.712,99,207,14,1,0,6,1,0.084,0.123,0.098,0.307,0.318,98.0,-1.2,-2.3,20.3,4.1
Matt Carpenter,28,STL,NL,158,709,595,99,162,33,2,8,59,5,3,95,111,0.272,0.375,0.375,0.75,112,223,3,8,2,9,2,0.134,0.157,0.103,0.318,0.339,117.0,0.0,13.6,1.4,4.0
Ian Desmond,28,WSN,NL,154,648,593,73,151,26,3,24,91,24,5,46,183,0.255,0.313,0.43,0.743,103,255,17,6,0,3,0,0.071,0.282,0.175,0.326,0.329,108.0,3.8,9.7,7.2,4.0
Jacoby Ellsbury,30,NYY,AL,149,635,575,71,156,27,5,16,70,39,5,49,93,0.271,0.328,0.419,0.747,111,241,9,3,0,7,5,0.077,0.146,0.148,0.296,0.327,108.0,8.1,13.9,2.1,4.0
Kevin Kiermaier,24,TBR,AL,108,364,331,35,87,16,8,10,35,5,4,23,71,0.263,0.315,0.45,0.765,117,149,3,3,5,2,2,0.063,0.195,0.187,0.306,0.333,117.0,2.0,8.9,15.5,4.0
Juan Lagares,25,NYM,NL,116,452,416,46,117,24,3,4,47,13,4,20,87,0.281,0.321,0.382,0.703,102,159,6,7,3,6,1,0.044,0.192,0.101,0.341,0.31,101.0,1.9,2.6,20.2,4.0
J.D. Martinez,26,DET,AL,123,480,441,57,139,30,3,23,76,6,3,30,126,0.315,0.358,0.553,0.912,154,244,8,3,0,6,5,0.063,0.263,0.238,0.389,0.391,153.0,-0.1,28.0,-6.9,4.0
Denard Span,30,WSN,NL,147,668,610,94,184,39,8,5,37,31,7,50,65,0.302,0.355,0.416,0.771,113,254,6,2,3,3,1,0.075,0.097,0.115,0.33,0.341,117.0,6.4,18.9,-2.4,4.0
Justin Upton,26,ATL,NL,154,641,566,77,153,34,2,29,102,8,4,60,171,0.27,0.342,0.491,0.833,133,278,10,6,0,8,1,0.094,0.267,0.221,0.332,0.363,134.0,0.9,25.2,-7.7,4.0
Jimmy Rollins,35,PHI,NL,138,609,538,78,131,22,4,17,55,28,6,64,100,0.243,0.323,0.394,0.717,100,212,6,1,3,3,2,0.105,0.164,0.151,0.269,0.319,102.0,5.6,6.9,9.5,3.8
Kole Calhoun,26,LAA,AL,127,537,493,90,134,31,3,17,58,5,3,38,104,0.272,0.325,0.45,0.776,123,222,5,2,2,2,0,0.071,0.194,0.178,0.313,0.341,125.0,2.0,16.6,0.3,3.7
Nelson Cruz,33,BAL,AL,159,678,613,87,166,32,2,40,108,4,5,55,140,0.271,0.333,0.525,0.859,137,322,17,5,0,5,8,0.081,0.206,0.254,0.288,0.37,137.0,-4.8,22.7,-11.2,3.7
Marcell Ozuna,23,MIA,NL,153,612,565,72,152,26,5,23,85,3,1,41,164,0.269,0.317,0.455,0.772,114,257,12,1,0,5,1,0.067,0.268,0.186,0.337,0.338,115.0,1.0,11.1,4.9,3.7
Neil Walker,28,PIT,NL,137,571,512,74,139,25,3,23,76,2,2,45,88,0.271,0.342,0.467,0.809,126,239,12,11,1,2,2,0.079,0.154,0.195,0.288,0.356,131.0,1.3,21.1,-4.8,3.7
Edwin Encarnacion,31,TOR,AL,128,542,477,75,128,27,2,34,98,2,0,62,82,0.268,0.354,0.547,0.901,152,261,18,2,0,1,6,0.114,0.151,0.279,0.26,0.389,151.0,0.5,31.1,-15.8,3.6
Billy Hamilton,23,CIN,NL,152,611,563,72,141,25,8,6,48,56,23,34,117,0.25,0.292,0.355,0.648,81,200,1,1,9,4,0,0.056,0.191,0.105,0.304,0.287,78.0,7.6,-7.3,22.0,3.6
Matt Holliday,34,STL,NL,156,667,574,83,156,37,0,20,90,4,1,74,100,0.272,0.37,0.441,0.811,127,253,20,17,0,2,4,0.111,0.15,0.169,0.298,0.36,132.0,-1.7,22.3,-9.1,3.6
Trevor Plouffe,28,MIN,AL,136,582,520,69,134,40,2,14,80,2,1,53,109,0.258,0.328,0.423,0.751,110,220,12,4,0,5,2,0.091,0.187,0.165,0.299,0.331,112.0,-1.2,6.2,7.8,3.6
Juan Uribe,35,LAD,NL,103,404,386,36,120,23,0,9,54,0,1,15,77,0.311,0.337,0.44,0.777,120,170,15,1,0,2,2,0.037,0.191,0.13,0.368,0.34,121.0,-2.2,7.2,14.1,3.6
Adrian Gonzalez,32,LAD,NL,159,660,591,83,163,41,0,27,116,1,1,56,112,0.276,0.335,0.482,0.817,130,285,13,2,0,11,9,0.085,0.17,0.206,0.294,0.351,128.0,-2.1,18.7,-6.0,3.5
Leonys Martin,26,TEX,AL,155,583,533,68,146,13,7,7,40,31,12,39,114,0.274,0.325,0.364,0.689,92,194,4,2,7,2,3,0.067,0.196,0.09,0.336,0.306,89.0,6.6,-0.5,13.3,3.5
Jose Reyes,31,TOR,AL,143,655,610,94,175,33,4,9,51,30,2,38,73,0.287,0.328,0.398,0.726,105,243,4,1,2,4,1,0.058,0.111,0.111,0.312,0.321,104.0,8.3,11.1,-0.1,3.5
Brett Gardner,30,NYY,AL,148,636,555,87,142,25,8,17,58,21,5,56,134,0.256,0.327,0.422,0.749,111,234,3,6,13,6,0,0.088,0.211,0.166,0.305,0.331,111.0,5.6,13.5,-2.9,3.4
Evan Longoria,28,TBR,AL,162,700,624,83,158,26,1,22,91,5,0,57,133,0.253,0.32,0.404,0.724,107,252,15,9,1,9,11,0.081,0.19,0.151,0.285,0.316,105.0,2.7,6.8,1.2,3.4
Yoenis Cespedes,28,TOT,AL,152,645,600,89,156,36,6,22,100,7,2,35,128,0.26,0.301,0.45,0.751,110,270,13,3,0,7,3,0.054,0.198,0.19,0.293,0.326,109.0,2.2,8.6,0.4,3.3
Alcides Escobar,27,KCR,AL,162,620,579,74,165,34,5,3,50,31,6,23,83,0.285,0.317,0.377,0.694,93,218,12,6,8,4,1,0.037,0.134,0.092,0.326,0.307,94.0,4.8,0.9,9.0,3.3
J.J. Hardy,31,BAL,AL,141,569,529,56,142,28,0,9,52,0,0,29,104,0.268,0.309,0.372,0.682,90,197,12,4,3,4,1,0.051,0.183,0.104,0.317,0.303,90.0,-2.5,-8.8,20.4,3.3
A.J. Pollock,26,ARI,NL,75,287,265,41,80,19,6,7,24,14,3,19,46,0.302,0.353,0.498,0.851,134,132,4,2,1,0,0,0.066,0.16,0.196,0.344,0.372,134.0,2.4,13.5,8.0,3.3
Hanley Ramirez,30,LAD,NL,128,512,449,64,127,35,0,13,71,14,5,56,84,0.283,0.369,0.448,0.817,132,201,10,6,0,1,2,0.109,0.164,0.165,0.323,0.362,135.0,0.7,21.0,-6.1,3.3
Danny Santana,23,MIN,AL,101,430,405,70,129,27,7,7,40,20,4,19,98,0.319,0.353,0.472,0.824,130,191,3,3,2,1,0,0.044,0.228,0.153,0.405,0.362,133.0,5.0,20.5,-4.3,3.3
Lucas Duda,28,NYM,NL,153,596,514,74,130,27,0,30,92,3,2,69,135,0.253,0.349,0.481,0.83,137,247,9,9,0,4,8,0.116,0.227,0.228,0.283,0.361,136.0,-1.2,23.0,-11.0,3.2
Dee Gordon,26,LAD,NL,148,650,609,92,176,24,12,2,34,64,19,31,107,0.289,0.326,0.378,0.704,101,230,3,4,3,3,0,0.048,0.165,0.089,0.346,0.312,101.0,10.4,11.3,-1.3,3.2
Desmond Jennings,27,TBR,AL,123,542,479,64,117,30,2,10,36,15,6,47,108,0.244,0.319,0.378,0.697,100,181,10,6,9,1,0,0.087,0.199,0.134,0.296,0.313,103.0,3.9,5.7,6.3,3.2
Justin Turner,29,LAD,NL,109,322,288,46,98,21,1,7,43,6,1,28,58,0.34,0.404,0.493,0.897,155,142,6,4,0,2,1,0.087,0.18,0.153,0.404,0.394,157.0,0.6,21.4,-1.9,3.2
Brandon Crawford,27,SFG,NL,153,564,491,54,121,20,10,10,69,5,3,59,129,0.246,0.324,0.389,0.713,104,191,4,2,2,10,10,0.105,0.229,0.143,0.307,0.309,103.0,2.0,3.7,7.5,3.1
Jarrod Dyson,29,KCR,AL,120,290,260,33,70,4,4,1,24,36,7,22,52,0.269,0.324,0.327,0.651,83,85,5,0,6,2,0,0.076,0.179,0.058,0.33,0.293,85.0,4.6,-0.1,18.9,3.1
Salvador Perez,24,KCR,AL,150,606,578,57,150,28,2,17,70,1,0,22,85,0.26,0.289,0.403,0.692,91,233,22,3,0,3,2,0.036,0.14,0.144,0.278,0.303,92.0,-3.0,-8.2,16.6,3.1
Alexei Ramirez,32,CHW,AL,158,657,622,82,170,35,2,15,74,21,4,24,81,0.273,0.305,0.408,0.713,103,254,21,6,1,4,0,0.037,0.123,0.135,0.292,0.314,99.0,1.4,0.9,6.4,3.1
Carlos Ruiz,35,PHI,NL,110,445,381,43,96,25,1,6,31,4,2,46,60,0.252,0.347,0.37,0.717,101,141,11,12,1,5,1,0.103,0.135,0.118,0.281,0.323,105.0,-1.8,0.5,14.8,3.1
Pablo Sandoval,27,SFG,NL,157,638,588,68,164,26,3,16,73,0,0,39,85,0.279,0.324,0.415,0.739,111,244,16,4,0,7,6,0.061,0.133,0.136,0.3,0.323,112.0,-4.8,3.8,5.3,3.1
Adam Eaton,25,CHW,AL,123,538,486,76,146,26,10,1,35,15,9,43,83,0.3,0.362,0.401,0.763,120,195,4,5,2,2,0,0.08,0.154,0.101,0.359,0.34,117.0,1.7,11.9,-1.6,3.0
Chris Iannetta,31,LAA,AL,108,373,306,41,77,22,0,7,43,3,0,54,91,0.252,0.373,0.392,0.765,123,120,3,8,0,5,3,0.145,0.244,0.141,0.329,0.343,126.0,0.6,11.2,4.2,3.0
Rene Rivera,30,SDP,NL,103,329,294,27,74,18,1,11,44,0,0,27,76,0.252,0.319,0.432,0.751,116,127,6,3,3,2,3,0.082,0.231,0.18,0.301,0.329,113.0,-2.2,2.8,14.4,3.0
Nolan Arenado,23,COL,NL,111,467,432,58,124,34,2,18,61,2,1,25,58,0.287,0.328,0.5,0.828,115,216,13,4,1,5,1,0.054,0.124,0.213,0.294,0.359,113.0,-1.5,5.2,7.6,2.9
Sam Fuld,32,TOT,AL,113,402,351,40,84,16,4,4,36,21,4,43,63,0.239,0.321,0.342,0.663,89,120,2,0,6,2,2,0.107,0.157,0.103,0.28,0.298,90.0,4.3,0.0,13.7,2.9
Yadier Molina,31,STL,NL,110,445,404,40,114,21,0,7,38,1,1,28,55,0.282,0.333,0.386,0.719,102,156,14,6,1,6,4,0.063,0.124,0.104,0.307,0.317,102.0,-2.2,-1.1,14.4,2.9
Albert Pujols,34,LAA,AL,159,695,633,89,172,37,1,28,105,5,1,48,71,0.272,0.324,0.466,0.79,126,295,28,5,0,9,11,0.069,0.102,0.194,0.265,0.34,124.0,-7.2,10.8,-7.0,2.9
Luis Valbuena,28,CHC,NL,149,547,478,68,119,33,4,16,51,1,2,65,113,0.249,0.341,0.435,0.776,115,208,8,2,1,1,4,0.119,0.207,0.186,0.294,0.342,118.0,0.6,11.4,-1.1,2.9
Starlin Castro,24,CHC,NL,134,569,528,58,154,33,1,14,65,4,4,35,100,0.292,0.339,0.438,0.777,115,231,18,4,0,2,4,0.062,0.176,0.146,0.337,0.341,117.0,-4.7,6.0,2.4,2.8
Ender Inciarte,23,ARI,NL,118,447,418,54,116,18,2,4,27,19,3,25,53,0.278,0.318,0.359,0.677,89,150,3,0,4,0,0,0.056,0.119,0.081,0.31,0.303,87.0,-0.6,-7.2,19.0,2.8
Carlos Santana,28,CLE,AL,152,660,541,68,125,25,0,27,85,5,2,113,124,0.231,0.365,0.427,0.792,122,231,13,3,0,3,5,0.171,0.188,0.196,0.249,0.353,128.0,-1.7,18.9,-14.6,2.8
Scott Van Slyke,27,LAD,NL,98,246,212,32,63,13,1,11,29,4,2,28,71,0.297,0.386,0.524,0.91,157,111,3,4,0,2,0,0.114,0.289,0.226,0.394,0.398,160.0,-0.7,15.8,2.6,2.8
Carl Crawford,32,LAD,NL,105,370,343,56,103,14,3,8,46,23,6,16,55,0.3,0.339,0.429,0.767,118,147,5,6,0,4,0,0.043,0.149,0.128,0.335,0.338,119.0,4.8,12.7,-0.2,2.6
Corey Dickerson,25,COL,NL,131,478,436,74,136,27,6,24,76,8,7,37,101,0.312,0.364,0.567,0.931,141,247,6,1,0,4,6,0.077,0.211,0.255,0.356,0.399,140.0,-1.9,19.4,-10.3,2.6
Justin Morneau,33,COL,NL,135,550,502,62,160,32,3,17,82,0,3,34,60,0.319,0.364,0.496,0.86,125,249,7,6,0,8,4,0.062,0.109,0.177,0.33,0.373,122.0,-3.0,10.6,-3.3,2.6
Daniel Nava,31,BOS,AL,113,408,363,41,98,21,0,4,37,4,2,33,81,0.27,0.346,0.361,0.706,98,131,5,10,0,2,1,0.081,0.199,0.091,0.336,0.319,99.0,2.7,2.4,8.5,2.6
Derek Norris,25,OAK,AL,127,442,385,46,104,19,1,10,55,2,2,54,86,0.27,0.361,0.403,0.763,119,155,12,1,1,1,2,0.122,0.195,0.132,0.324,0.341,122.0,-1.1,9.7,-0.6,2.6
Melky Cabrera,29,TOR,AL,139,621,568,81,171,35,3,16,73,6,2,43,67,0.301,0.351,0.458,0.808,128,260,19,3,2,5,3,0.069,0.108,0.157,0.316,0.354,127.0,-3.8,14.5,-12.1,2.5
Brandon Moss,30,OAK,AL,147,580,500,70,117,23,2,25,81,1,0,67,153,0.234,0.334,0.438,0.772,119,219,6,10,0,3,7,0.116,0.264,0.204,0.283,0.339,121.0,2.0,15.3,-11.1,2.5
Daniel Murphy,29,NYM,NL,143,642,596,79,172,37,2,9,57,13,5,39,86,0.289,0.332,0.403,0.734,111,240,15,2,0,5,3,0.061,0.134,0.114,0.322,0.324,110.0,0.5,8.1,-4.5,2.5
Josh Reddick,27,OAK,AL,109,396,363,53,96,16,7,12,54,1,1,28,63,0.264,0.316,0.446,0.763,116,162,3,1,0,3,0,0.071,0.159,0.182,0.289,0.334,117.0,2.6,10.1,0.4,2.5
Seth Smith,31,SDP,NL,136,521,443,55,118,31,5,12,48,1,1,69,87,0.266,0.367,0.44,0.807,134,195,9,4,0,4,3,0.132,0.167,0.174,0.305,0.357,132.0,-2.8,16.2,-8.6,2.5
Drew Stubbs,29,COL,NL,132,424,388,67,112,22,4,15,43,20,3,30,136,0.289,0.339,0.482,0.821,114,187,4,1,2,3,1,0.071,0.321,0.193,0.404,0.358,112.0,4.9,10.6,0.0,2.5
Welington Castillo,27,CHC,NL,110,417,380,28,90,19,0,13,46,0,0,26,102,0.237,0.296,0.389,0.686,89,148,7,7,2,2,0,0.062,0.245,0.153,0.288,0.306,93.0,-1.9,-5.4,15.3,2.4
Chris Coghlan,29,CHC,NL,125,432,385,50,109,28,5,9,41,7,4,39,81,0.283,0.352,0.452,0.804,122,174,5,3,3,2,2,0.09,0.188,0.169,0.337,0.353,125.0,2.3,14.4,-5.4,2.4
Eduardo Escobar,25,MIN,AL,133,465,433,52,119,35,2,6,37,1,1,24,93,0.275,0.315,0.406,0.721,102,176,6,2,4,2,1,0.052,0.2,0.132,0.336,0.317,102.0,1.8,2.9,4.4,2.4
Jon Jay,29,STL,NL,140,468,413,52,125,16,3,3,46,6,3,28,78,0.303,0.372,0.378,0.75,112,156,17,20,3,4,3,0.06,0.167,0.075,0.363,0.336,115.0,-3.6,4.5,3.2,2.4
Nick Markakis,30,BAL,AL,155,710,642,81,177,27,1,14,50,4,2,62,84,0.276,0.342,0.386,0.729,104,248,10,4,0,2,4,0.087,0.118,0.111,0.299,0.325,106.0,-2.5,1.9,-2.5,2.4
Brian McCann,30,NYY,AL,140,538,495,57,115,15,1,23,75,0,0,32,77,0.232,0.286,0.406,0.692,94,201,16,7,0,4,1,0.059,0.143,0.174,0.231,0.306,93.0,-3.2,-7.2,11.5,2.4
Mike Napoli,32,BOS,AL,119,500,415,49,103,20,0,17,55,3,2,78,133,0.248,0.37,0.419,0.789,120,174,12,4,0,3,3,0.156,0.266,0.171,0.321,0.353,123.0,-3.1,9.5,-4.0,2.4
Nori Aoki,32,KCR,AL,132,549,491,63,140,22,6,1,43,17,8,43,49,0.285,0.349,0.36,0.71,99,177,5,6,8,1,0,0.078,0.089,0.075,0.314,0.32,104.0,1.2,3.4,0.2,2.3
Robinson Chirinos,30,TEX,AL,93,338,306,36,73,15,0,13,40,0,1,17,71,0.239,0.29,0.415,0.705,95,127,4,7,4,4,1,0.05,0.21,0.176,0.265,0.31,92.0,-0.3,-3.5,13.8,2.3
Brock Holt,26,BOS,AL,106,492,449,68,126,23,5,4,29,12,2,33,98,0.281,0.331,0.381,0.711,98,171,7,2,5,3,0,0.067,0.199,0.1,0.349,0.317,98.0,5.0,3.7,1.1,2.3
Manny Machado,21,BAL,AL,82,354,327,38,91,14,0,12,32,2,0,20,68,0.278,0.324,0.431,0.755,110,141,13,3,2,2,2,0.056,0.192,0.153,0.317,0.332,110.0,-2.4,1.6,7.8,2.3
David Ortiz,38,BOS,AL,142,602,518,59,136,27,0,35,104,0,0,75,95,0.263,0.355,0.517,0.873,140,268,18,3,0,6,22,0.125,0.158,0.255,0.256,0.369,134.0,-7.0,15.6,-14.2,2.3
Martin Prado,30,TOT,MLB,143,573,536,62,151,26,4,12,58,3,1,26,80,0.282,0.321,0.412,0.733,104,221,20,7,0,4,0,0.045,0.14,0.131,0.31,0.324,103.0,-3.0,-1.4,5.3,2.3
Alex Avila,27,DET,AL,124,457,390,44,85,22,0,11,47,0,3,61,151,0.218,0.327,0.359,0.686,94,140,6,3,1,2,1,0.133,0.33,0.141,0.322,0.311,97.0,-8.9,-10.2,15.3,2.2
Emilio Bonifacio,29,TOT,NL,110,426,394,47,102,17,4,3,24,26,8,26,85,0.259,0.305,0.345,0.65,82,136,2,0,6,0,2,0.061,0.2,0.086,0.324,0.289,82.0,5.2,-3.4,10.8,2.2
Marlon Byrd,36,PHI,NL,154,637,591,71,156,28,2,25,85,3,2,35,185,0.264,0.312,0.445,0.757,109,263,6,8,0,3,7,0.055,0.29,0.181,0.341,0.33,109.0,-2.2,4.2,-3.2,2.2
Evan Gattis,27,ATL,NL,108,401,369,41,97,17,1,22,52,0,0,22,97,0.263,0.317,0.493,0.81,126,182,9,8,0,2,3,0.055,0.242,0.23,0.298,0.352,126.0,-3.1,8.5,0.0,2.2
Dustin Ackley,26,SEA,AL,143,542,502,64,123,27,4,14,65,8,4,32,90,0.245,0.293,0.398,0.692,99,200,10,3,3,2,1,0.059,0.166,0.153,0.273,0.305,98.0,1.8,0.6,1.0,2.1
Matt Adams,25,STL,NL,142,563,527,55,152,34,5,15,68,3,2,26,114,0.288,0.321,0.457,0.779,116,241,9,3,0,7,5,0.046,0.202,0.169,0.338,0.337,116.0,0.0,9.9,-7.5,2.1
David Freese,31,LAA,AL,134,511,462,53,120,25,1,10,55,1,3,38,124,0.26,0.321,0.383,0.704,104,177,10,6,0,5,0,0.074,0.243,0.123,0.33,0.314,106.0,-2.1,1.0,1.2,2.1
Dioner Navarro,30,TOR,AL,139,520,481,40,132,22,0,12,69,3,0,32,76,0.274,0.317,0.395,0.712,101,190,12,1,0,6,1,0.062,0.146,0.121,0.301,0.315,99.0,-3.6,-3.9,6.0,2.1
Ben Revere,26,PHI,NL,151,626,601,71,184,13,7,2,28,49,8,13,49,0.306,0.325,0.361,0.686,92,217,11,4,7,1,1,0.021,0.078,0.055,0.33,0.304,91.0,10.8,4.8,-4.4,2.1
Charlie Blackmon,27,COL,NL,154,648,593,82,171,27,3,19,72,28,10,31,96,0.288,0.335,0.44,0.775,103,261,3,13,6,5,5,0.048,0.148,0.152,0.315,0.339,99.0,3.7,3.1,-4.4,2.0
Gregor Blanco,30,SFG,NL,146,444,393,51,102,18,6,5,38,16,5,41,77,0.26,0.333,0.374,0.707,103,147,4,3,6,1,1,0.092,0.173,0.115,0.311,0.317,108.0,-0.2,3.6,1.7,2.0
Collin Cowgill,28,LAA,AL,106,293,260,37,65,10,1,5,21,4,0,26,74,0.25,0.33,0.354,0.684,99,92,4,5,2,0,0,0.089,0.253,0.104,0.331,0.311,103.0,3.5,4.5,4.7,2.0
Jordy Mercer,27,PIT,NL,149,555,506,56,129,27,2,12,55,4,1,35,89,0.255,0.305,0.387,0.693,94,196,14,4,5,5,12,0.063,0.16,0.132,0.285,0.299,92.0,0.0,-5.1,6.8,2.0
Michael Saunders,27,SEA,AL,78,263,231,38,63,11,3,8,34,4,5,26,59,0.273,0.341,0.45,0.791,128,104,2,0,2,4,1,0.099,0.224,0.177,0.327,0.346,126.0,1.1,8.7,1.0,2.0
Andrelton Simmons,24,ATL,NL,146,576,540,44,132,18,4,7,46,4,5,32,60,0.244,0.286,0.331,0.617,75,179,25,0,2,2,4,0.056,0.104,0.087,0.263,0.273,72.0,-3.1,-21.2,22.1,2.0
Kurt Suzuki,30,MIN,AL,131,503,452,37,130,34,0,3,61,0,1,34,46,0.288,0.345,0.383,0.727,105,173,9,9,1,7,0,0.068,0.091,0.095,0.31,0.324,107.0,-5.6,-1.8,4.2,2.0
Lonnie Chisenhall,25,CLE,AL,142,533,478,62,134,29,1,13,59,3,1,39,99,0.28,0.343,0.427,0.77,115,204,8,8,4,3,3,0.073,0.186,0.146,0.328,0.34,119.0,0.4,11.5,-11.1,1.9
David Lough,28,BAL,AL,112,197,174,31,43,6,3,4,16,8,5,15,33,0.247,0.309,0.385,0.694,94,67,3,1,6,1,0,0.076,0.168,0.138,0.283,0.309,94.0,2.9,1.7,9.1,1.9
Jed Lowrie,30,OAK,AL,136,566,502,59,125,29,3,6,50,0,0,51,79,0.249,0.321,0.355,0.676,94,178,14,5,2,6,5,0.09,0.14,0.106,0.281,0.3,94.0,-2.9,-6.9,6.0,1.9
Kolten Wong,23,STL,NL,113,433,402,52,100,14,3,12,42,20,4,21,71,0.249,0.292,0.388,0.68,89,156,12,4,5,1,3,0.048,0.164,0.139,0.275,0.299,90.0,5.0,0.2,4.3,1.9
Mookie Betts,21,BOS,AL,52,213,189,34,55,12,1,5,18,7,3,21,31,0.291,0.368,0.444,0.812,126,84,2,2,1,0,0,0.099,0.146,0.153,0.327,0.361,129.0,2.5,9.3,0.6,1.8
Chris Carter,27,HOU,AL,145,572,507,68,115,21,1,37,88,5,2,56,182,0.227,0.308,0.491,0.799,123,249,12,5,0,4,6,0.098,0.318,0.264,0.267,0.346,122.0,-0.4,13.6,-15.5,1.8
Brandon Guyer,28,TBR,AL,97,294,259,37,69,15,1,3,26,6,1,16,52,0.266,0.334,0.367,0.701,102,95,3,11,7,1,0,0.054,0.177,0.1,0.322,0.316,106.0,5.1,7.0,-0.2,1.8
Brett Lawrie,24,TOR,AL,70,282,259,27,64,9,0,12,38,0,0,16,49,0.247,0.301,0.421,0.722,103,109,0,5,0,2,0,0.057,0.174,0.174,0.26,0.32,103.0,1.5,2.3,5.0,1.8
Kristopher Negron,28,CIN,NL,49,158,144,19,39,10,1,6,17,5,0,12,40,0.271,0.331,0.479,0.81,125,69,2,1,1,0,0,0.076,0.253,0.208,0.337,0.356,125.0,2.1,6.5,5.4,1.8
Chris Owings,22,ARI,NL,91,332,310,34,81,15,6,6,26,8,1,16,67,0.261,0.3,0.406,0.706,95,126,4,2,2,2,0,0.048,0.202,0.145,0.314,0.311,92.0,1.2,-1.8,8.7,1.8
Angel Pagan,32,SFG,NL,96,413,383,56,115,21,2,3,27,16,6,25,53,0.3,0.342,0.389,0.731,110,149,5,1,1,3,1,0.061,0.128,0.089,0.339,0.324,113.0,2.8,8.7,-4.4,1.8
Aramis Ramirez,36,MIL,NL,133,531,494,47,141,23,1,15,66,3,0,21,75,0.285,0.33,0.427,0.757,108,211,18,13,0,3,2,0.04,0.141,0.142,0.31,0.334,109.0,-5.9,-0.8,1.3,1.8
Jose Ramirez,21,CLE,AL,68,266,237,27,62,10,2,2,17,10,1,13,35,0.262,0.3,0.346,0.646,81,82,3,1,13,2,0,0.049,0.132,0.084,0.297,0.288,83.0,2.4,-2.6,10.7,1.8
David Wright,31,NYM,NL,134,586,535,54,144,30,1,8,63,8,5,42,113,0.269,0.324,0.374,0.698,101,200,22,4,0,5,5,0.072,0.193,0.105,0.325,0.308,100.0,-4.3,-4.2,3.1,1.8
Mike Zunino,23,SEA,AL,131,476,438,51,87,20,2,22,60,0,3,17,158,0.199,0.254,0.404,0.658,88,177,12,17,0,4,1,0.036,0.332,0.205,0.248,0.29,87.0,-1.3,-8.0,8.9,1.8
Peter Bourjos,27,STL,NL,119,294,264,32,61,9,5,4,24,9,3,20,78,0.231,0.294,0.348,0.643,80,92,5,4,5,1,1,0.068,0.265,0.117,0.311,0.287,82.0,2.4,-3.6,10.0,1.7
Asdrubal Cabrera,28,TOT,MLB,146,616,553,74,133,31,4,14,61,10,2,49,108,0.241,0.307,0.387,0.694,93,214,15,7,1,6,2,0.08,0.175,0.146,0.272,0.308,96.0,3.2,0.2,-4.1,1.7
Khris Davis,26,MIL,NL,144,549,501,70,122,37,2,22,69,4,1,32,122,0.244,0.299,0.457,0.756,106,229,13,10,0,6,0,0.058,0.222,0.214,0.275,0.33,106.0,-1.9,2.0,-2.9,1.7
Tyler Flowers,28,CHW,AL,127,442,407,42,98,16,1,15,50,0,1,25,159,0.241,0.297,0.396,0.693,97,161,10,8,1,1,0,0.057,0.36,0.155,0.355,0.308,95.0,-3.3,-5.6,7.2,1.7
Scooter Gennett,24,MIL,NL,137,474,440,55,127,31,3,9,54,6,3,22,67,0.289,0.32,0.434,0.754,107,191,11,0,8,4,5,0.046,0.141,0.145,0.321,0.326,104.0,-2.0,-0.1,1.5,1.7
Joe Mauer,31,MIN,AL,120,518,455,60,126,27,2,4,55,3,0,60,96,0.277,0.361,0.371,0.732,107,169,12,1,0,2,12,0.116,0.185,0.095,0.342,0.322,106.0,3.5,6.6,-7.9,1.7
Michael McKenry,29,COL,NL,57,192,168,23,53,9,0,8,22,0,3,22,42,0.315,0.398,0.512,0.91,138,86,6,1,1,0,1,0.115,0.219,0.196,0.381,0.4,140.0,-1.8,6.8,3.1,1.7
Alejandro De Aza,30,TOT,AL,142,528,477,56,120,24,8,8,41,17,10,39,119,0.252,0.314,0.386,0.7,100,184,7,6,3,3,2,0.074,0.225,0.134,0.317,0.31,96.0,-2.1,-4.5,2.4,1.6
Craig Gentry,30,OAK,AL,94,258,232,38,59,6,1,0,12,20,2,17,44,0.254,0.319,0.289,0.608,76,67,2,5,2,0,2,0.066,0.171,0.034,0.314,0.276,77.0,6.8,0.2,6.1,1.6
Conor Gillaspie,26,CHW,AL,130,506,464,50,131,31,5,7,57,0,4,36,78,0.282,0.336,0.416,0.752,115,193,5,3,0,3,4,0.071,0.154,0.134,0.325,0.33,110.0,-1.4,4.2,-6.3,1.6
John Jaso,30,OAK,AL,99,344,307,42,81,18,3,9,40,2,0,28,60,0.264,0.337,0.43,0.767,118,132,5,7,0,2,1,0.081,0.174,0.166,0.3,0.339,121.0,0.1,7.9,-4.1,1.6
Adam LaRoche,34,WSN,NL,140,586,494,73,128,19,0,26,92,3,0,82,108,0.259,0.362,0.455,0.817,124,225,13,2,0,8,9,0.14,0.184,0.196,0.277,0.356,127.0,-5.6,12.2,-15.4,1.6
Brad Miller,24,SEA,AL,123,411,367,47,81,15,4,10,36,4,2,34,95,0.221,0.288,0.365,0.653,88,134,2,2,3,3,2,0.083,0.231,0.144,0.268,0.29,87.0,2.5,-3.2,4.3,1.6
Joe Panik,23,SFG,NL,73,287,269,31,82,10,2,1,18,0,0,16,33,0.305,0.343,0.368,0.711,104,99,4,0,1,1,0,0.056,0.115,0.063,0.343,0.317,108.0,1.5,4.1,1.9,1.6
Cliff Pennington,30,ARI,NL,68,201,177,21,45,5,3,2,10,6,1,20,36,0.254,0.34,0.35,0.69,93,62,1,3,1,0,0,0.1,0.179,0.096,0.309,0.314,94.0,3.0,1.7,7.3,1.6
Brandon Phillips,33,CIN,NL,121,499,462,44,123,25,0,8,51,2,3,23,74,0.266,0.306,0.372,0.678,90,172,13,6,2,6,1,0.046,0.148,0.106,0.298,0.3,87.0,-2.9,-10.2,9.9,1.6
Mark Reynolds,30,MIL,NL,130,433,378,47,74,9,0,22,45,5,1,47,122,0.196,0.287,0.394,0.681,87,149,8,3,1,4,3,0.109,0.282,0.198,0.218,0.302,87.0,1.2,-5.4,7.1,1.6
Travis Snider,26,PIT,NL,140,359,322,37,85,15,1,13,38,1,1,34,67,0.264,0.338,0.438,0.776,117,141,10,2,1,0,2,0.095,0.187,0.174,0.298,0.343,122.0,0.3,9.2,-5.6,1.6
Yangervis Solarte,26,TOT,MLB,131,535,469,56,122,19,1,10,48,0,1,53,58,0.26,0.336,0.369,0.705,103,173,13,4,3,6,1,0.099,0.108,0.109,0.275,0.317,103.0,-2.0,-0.3,-2.0,1.6
George Springer,24,HOU,AL,78,345,295,45,68,8,1,20,51,5,2,39,114,0.231,0.336,0.468,0.804,126,138,4,9,0,2,4,0.113,0.33,0.237,0.294,0.352,127.0,1.4,11.5,-7.9,1.6
Adam Lind,30,TOR,AL,96,318,290,38,93,24,2,6,40,0,0,28,48,0.321,0.381,0.479,0.86,143,139,8,0,0,0,3,0.088,0.151,0.159,0.369,0.376,142.0,0.0,14.8,-11.1,1.5
Wilson Ramos,26,WSN,NL,88,361,341,32,91,12,0,11,47,0,0,17,57,0.267,0.299,0.399,0.698,91,136,17,0,0,3,2,0.047,0.158,0.132,0.29,0.306,93.0,-4.2,-7.2,10.6,1.5
Chris Taylor,23,SEA,AL,47,151,136,16,39,8,0,0,9,5,2,11,39,0.287,0.347,0.346,0.692,102,47,3,2,1,1,0,0.073,0.258,0.059,0.398,0.313,103.0,1.9,2.5,6.3,1.5
Jason Castro,27,HOU,AL,126,512,465,43,103,21,2,14,56,1,0,34,151,0.222,0.286,0.366,0.651,84,170,11,9,1,3,1,0.066,0.295,0.144,0.294,0.291,84.0,0.3,-8.8,5.3,1.4
Michael Cuddyer,35,COL,NL,49,205,190,32,63,15,1,10,31,3,0,14,30,0.332,0.376,0.579,0.955,148,110,5,0,0,1,0,0.068,0.146,0.247,0.351,0.414,150.0,0.5,12.0,-5.2,1.4
Rajai Davis,33,DET,AL,134,494,461,64,130,27,2,8,51,36,11,22,75,0.282,0.32,0.401,0.721,103,185,7,5,3,3,0,0.045,0.152,0.119,0.32,0.319,103.0,6.5,8.1,-11.0,1.4
Dexter Fowler,28,HOU,AL,116,505,434,61,120,21,4,8,35,11,4,66,108,0.276,0.375,0.399,0.774,120,173,6,3,1,1,2,0.131,0.214,0.122,0.351,0.347,124.0,3.6,16.7,-20.6,1.4
Bryce Harper,21,WSN,NL,100,395,352,41,96,10,2,13,32,2,2,38,104,0.273,0.344,0.423,0.768,111,149,6,1,3,1,4,0.096,0.263,0.151,0.352,0.338,115.0,-0.2,6.4,-5.1,1.4
Casey McGehee,31,MIA,NL,160,691,616,56,177,29,1,4,76,4,2,67,102,0.287,0.355,0.357,0.712,101,220,31,1,0,7,3,0.097,0.148,0.07,0.335,0.319,102.0,-9.8,-8.1,0.7,1.4
Jarrod Saltalamacchia,29,MIA,NL,114,435,373,43,82,20,0,11,44,0,1,55,143,0.22,0.32,0.362,0.681,91,135,11,2,0,5,4,0.126,0.329,0.142,0.317,0.304,92.0,-1.0,-4.9,4.6,1.4
Stephen Vogt,29,OAK,AL,84,287,269,26,75,10,2,9,35,1,0,16,39,0.279,0.321,0.431,0.752,113,116,2,1,0,1,2,0.056,0.136,0.152,0.297,0.329,114.0,1.7,6.1,-2.6,1.4
Francisco Cervelli,28,NYY,AL,49,162,146,18,44,11,1,2,13,1,0,11,41,0.301,0.37,0.432,0.802,127,63,5,5,0,0,0,0.068,0.253,0.13,0.408,0.358,130.0,-1.8,3.5,2.7,1.3
Travis d'Arnaud,25,NYM,NL,108,421,385,48,93,22,3,13,41,1,0,32,64,0.242,0.302,0.416,0.718,105,160,15,2,1,1,5,0.076,0.152,0.174,0.259,0.313,103.0,-2.7,-1.1,0.6,1.3
Wilmer Flores,22,NYM,NL,78,274,259,28,65,13,1,6,29,1,0,12,31,0.251,0.286,0.378,0.664,90,98,6,1,1,1,2,0.044,0.113,0.127,0.265,0.291,88.0,0.2,-3.4,7.4,1.3
Anthony Gose,23,TOR,AL,94,274,239,31,54,8,1,2,13,15,5,25,74,0.226,0.311,0.293,0.604,73,70,9,5,4,1,0,0.091,0.27,0.067,0.317,0.279,75.0,1.6,-6.0,9.1,1.3
Chris Heisey,29,CIN,NL,119,299,275,34,61,15,2,8,22,9,2,15,64,0.222,0.265,0.378,0.643,78,104,3,2,5,2,0,0.05,0.214,0.156,0.259,0.284,76.0,0.7,-7.4,9.9,1.3
Matt Kemp,29,LAD,NL,150,599,541,77,155,38,3,25,89,8,5,52,145,0.287,0.346,0.506,0.852,140,274,21,0,0,6,3,0.087,0.242,0.22,0.345,0.369,140.0,-6.2,21.0,-26.5,1.3
Ruben Tejada,24,NYM,NL,119,419,355,30,84,11,0,5,34,1,2,50,73,0.237,0.342,0.31,0.652,90,110,8,8,4,2,11,0.119,0.174,0.073,0.283,0.292,89.0,-3.3,-8.4,7.9,1.3
Eric Young,29,NYM,NL,100,316,280,48,64,10,5,1,17,30,6,24,60,0.229,0.299,0.311,0.61,77,87,2,5,5,2,1,0.076,0.19,0.082,0.285,0.275,78.0,4.8,-3.2,5.7,1.3
Darwin Barney,28,TOT,NL,94,262,237,24,57,11,2,3,23,1,0,17,34,0.241,0.3,0.342,0.642,79,81,1,4,2,2,2,0.065,0.13,0.101,0.267,0.285,79.0,1.8,-4.3,7.8,1.2
Curtis Granderson,33,NYM,NL,155,654,564,73,128,27,2,20,66,8,2,79,141,0.227,0.326,0.388,0.714,105,219,1,6,0,5,1,0.121,0.216,0.161,0.265,0.32,108.0,3.1,9.2,-17.2,1.2
Josh Hamilton,33,LAA,AL,89,381,338,43,89,21,0,10,44,3,3,32,108,0.263,0.331,0.414,0.745,115,140,2,5,0,6,5,0.084,0.283,0.151,0.35,0.325,113.0,-2.2,3.4,-4.7,1.2
Enrique Hernandez,22,TOT,MLB,42,134,121,13,30,6,3,3,14,0,0,12,21,0.248,0.321,0.421,0.742,108,51,1,1,0,0,0,0.09,0.157,0.174,0.278,0.329,110.0,0.7,2.1,4.2,1.2
David Peralta,26,ARI,NL,88,348,329,40,94,12,9,8,36,6,3,16,60,0.286,0.32,0.45,0.77,112,148,9,1,1,1,0,0.046,0.172,0.164,0.328,0.337,110.0,-0.5,3.4,-3.2,1.2
Ryan Zimmerman,29,WSN,NL,61,240,214,26,60,19,1,5,38,0,0,22,37,0.28,0.342,0.449,0.79,117,96,6,0,0,4,0,0.092,0.154,0.168,0.313,0.346,120.0,-0.6,4.8,-1.1,1.2
Elvis Andrus,25,TEX,AL,157,685,619,72,163,35,1,2,41,27,15,46,96,0.263,0.314,0.333,0.647,81,206,21,3,9,7,0,0.067,0.14,0.069,0.305,0.291,78.0,2.4,-14.1,2.1,1.1
Zack Cozart,28,CIN,NL,147,543,506,48,112,18,5,4,38,7,0,25,79,0.221,0.268,0.3,0.568,60,152,13,7,5,0,3,0.046,0.145,0.079,0.255,0.254,55.0,3.0,-24.3,18.7,1.1
Coco Crisp,34,OAK,AL,126,536,463,68,114,21,3,9,47,19,5,66,66,0.246,0.336,0.363,0.699,101,168,3,0,1,6,2,0.123,0.123,0.117,0.266,0.314,103.0,4.7,6.6,-13.5,1.1
Ryan Hanigan,33,TBR,AL,84,263,225,18,49,9,0,5,34,1,0,31,39,0.218,0.318,0.324,0.642,86,73,6,3,2,2,0,0.118,0.148,0.107,0.24,0.295,91.0,-2.2,-4.9,6.4,1.1
Miguel Montero,30,ARI,NL,136,560,489,40,119,23,0,13,72,0,4,56,97,0.243,0.329,0.37,0.699,95,181,12,9,0,6,11,0.1,0.173,0.127,0.275,0.307,90.0,-5.4,-11.7,5.5,1.1
Logan Morrison,26,SEA,AL,99,365,336,41,88,20,0,11,38,5,2,24,59,0.262,0.315,0.42,0.735,111,141,9,3,0,2,1,0.066,0.162,0.158,0.287,0.324,111.0,-1.7,2.9,-4.5,1.1
Kirk Nieuwenhuis,26,NYM,NL,61,130,112,16,29,14,1,3,16,4,0,16,39,0.259,0.346,0.482,0.828,136,54,1,0,0,2,3,0.123,0.3,0.223,0.361,0.352,130.0,0.8,5.2,0.5,1.1
Rickie Weeks,31,MIL,NL,121,286,252,36,69,19,1,8,29,3,4,25,73,0.274,0.357,0.452,0.809,123,114,7,8,0,1,0,0.087,0.255,0.179,0.355,0.359,126.0,0.1,8.4,-7.0,1.1
Josh Willingham,35,TOT,AL,92,364,297,48,64,10,1,14,40,2,0,53,102,0.215,0.346,0.397,0.743,109,118,6,9,0,5,3,0.146,0.28,0.182,0.269,0.333,113.0,2.2,7.3,-8.6,1.1
Alexi Amarista,25,SDP,NL,148,466,423,39,101,13,2,5,40,12,1,29,69,0.239,0.286,0.314,0.6,75,133,6,1,8,5,5,0.062,0.148,0.076,0.271,0.265,70.0,3.4,-12.3,7.4,1.0
Yasmani Grandal,25,SDP,NL,128,443,377,47,85,19,1,15,49,3,0,58,115,0.225,0.327,0.401,0.728,111,151,7,2,0,6,1,0.131,0.26,0.175,0.277,0.324,110.0,-3.2,2.0,-6.3,1.0
Robbie Grossman,24,HOU,AL,103,422,360,42,84,14,2,6,37,9,3,55,105,0.233,0.337,0.333,0.67,91,120,7,2,3,2,1,0.13,0.249,0.1,0.311,0.306,95.0,-1.6,-4.0,-0.9,1.0
Adam Rosales,31,TEX,AL,56,181,164,20,43,7,0,4,19,4,2,13,42,0.262,0.328,0.378,0.706,97,62,5,3,0,0,0,0.072,0.232,0.116,0.331,0.318,97.0,1.1,0.5,2.8,1.0
Chris Stewart,32,PIT,NL,49,154,136,9,40,5,0,0,10,0,1,12,27,0.294,0.362,0.331,0.693,98,45,2,3,2,1,2,0.078,0.175,0.037,0.364,0.311,100.0,-0.6,-0.5,4.9,1.0
Mark Teixeira,34,NYY,AL,123,508,440,56,95,14,0,22,62,1,1,58,109,0.216,0.313,0.398,0.711,101,175,13,6,0,4,3,0.114,0.215,0.182,0.233,0.316,101.0,-4.2,-3.8,-3.6,1.0
Joey Votto,30,CIN,NL,62,272,220,32,56,16,0,6,23,1,1,47,49,0.255,0.39,0.409,0.799,125,90,5,3,0,2,2,0.173,0.18,0.155,0.299,0.359,127.0,-3.8,4.4,-3.7,1.0
Oswaldo Arcia,23,MIN,AL,103,410,372,46,86,16,3,20,57,1,2,31,127,0.231,0.3,0.452,0.752,108,168,6,6,0,1,4,0.076,0.31,0.22,0.292,0.328,109.0,0.1,4.2,-9.1,0.9
Brandon Belt,26,SFG,NL,61,235,214,30,52,8,0,12,27,3,1,18,64,0.243,0.306,0.449,0.755,114,96,4,2,0,1,2,0.077,0.272,0.206,0.288,0.33,117.0,-1.7,2.7,-1.9,0.9
Matt den Dekker,26,NYM,NL,53,174,152,23,38,11,0,0,7,7,4,21,34,0.25,0.345,0.322,0.667,94,49,1,1,0,0,0,0.121,0.195,0.072,0.322,0.307,99.0,3.2,3.0,-0.1,0.9
Juan Francisco,27,TOR,AL,106,320,287,40,63,16,2,16,43,0,2,27,116,0.22,0.291,0.456,0.747,108,131,6,3,0,3,0,0.084,0.363,0.237,0.297,0.327,108.0,0.4,3.2,-5.7,0.9
Austin Jackson,27,TOT,AL,154,656,597,71,153,30,6,4,47,20,6,47,144,0.256,0.308,0.347,0.655,87,207,15,2,1,9,0,0.072,0.22,0.09,0.325,0.292,86.0,3.8,-6.3,-6.3,0.9
Colby Rasmus,27,TOR,AL,104,376,346,45,78,21,1,18,40,4,0,29,124,0.225,0.287,0.448,0.735,105,155,1,1,0,0,2,0.077,0.33,0.223,0.294,0.321,104.0,3.1,4.8,-8.8,0.9
Anthony Recker,30,NYM,NL,58,189,174,18,35,9,0,7,27,1,1,10,64,0.201,0.246,0.374,0.62,76,65,2,1,2,2,0,0.053,0.339,0.172,0.267,0.273,76.0,1.0,-4.1,6.7,0.9
Eugenio Suarez,22,DET,AL,85,277,244,33,59,9,1,4,23,3,2,22,67,0.242,0.316,0.336,0.652,85,82,3,5,5,1,1,0.079,0.242,0.094,0.316,0.295,86.0,0.1,-4.2,3.2,0.9
Matt Wieters,28,BAL,AL,26,112,104,13,32,5,0,5,18,0,1,6,19,0.308,0.339,0.5,0.839,132,52,1,0,0,2,0,0.054,0.17,0.192,0.329,0.365,133.0,-0.6,3.5,1.0,0.9
Delmon Young,28,BAL,AL,83,255,242,27,73,11,1,7,30,2,0,10,51,0.302,0.337,0.442,0.779,117,107,6,3,0,0,0,0.039,0.2,0.14,0.359,0.345,119.0,0.1,5.6,-5.6,0.9
Abraham Almonte,25,TOT,MLB,59,220,204,19,47,10,1,3,15,4,3,12,60,0.23,0.275,0.333,0.609,76,68,5,1,2,1,0,0.055,0.273,0.103,0.31,0.272,75.0,-2.2,-8.3,9.2,0.8
Chris Davis,28,BAL,AL,127,525,450,65,88,16,0,26,72,2,1,60,173,0.196,0.3,0.404,0.704,96,182,2,9,1,5,9,0.114,0.33,0.209,0.242,0.308,94.0,0.3,-3.2,-6.8,0.8
Andre Ethier,32,LAD,NL,130,380,341,29,85,17,6,4,42,2,2,31,74,0.249,0.322,0.37,0.691,97,126,5,6,1,1,3,0.082,0.195,0.12,0.307,0.307,98.0,-1.0,-1.9,-2.3,0.8
Marwin Gonzalez,25,HOU,AL,103,310,285,33,79,15,1,6,23,2,4,17,58,0.277,0.327,0.4,0.727,105,114,6,4,4,0,0,0.055,0.187,0.123,0.33,0.324,107.0,-0.1,2.3,-5.3,0.8
Caleb Joseph,28,BAL,AL,82,275,246,22,51,9,0,9,28,0,1,17,69,0.207,0.264,0.354,0.618,72,87,6,3,6,3,0,0.062,0.251,0.146,0.246,0.275,71.0,-3.0,-11.7,10.3,0.8
James Loney,30,TBR,AL,155,651,600,59,174,27,0,9,69,4,0,41,80,0.29,0.336,0.38,0.716,106,228,21,4,0,6,2,0.063,0.123,0.09,0.319,0.318,107.0,-5.8,-0.7,-13.4,0.8
Jake Marisnick,23,TOT,MLB,65,237,221,21,55,8,0,3,19,11,3,8,67,0.249,0.281,0.326,0.607,72,72,2,3,2,3,3,0.034,0.283,0.077,0.338,0.265,66.0,1.0,-8.0,7.4,0.8
Will Venable,31,SDP,NL,146,448,406,47,91,13,2,8,33,11,6,33,107,0.224,0.288,0.325,0.613,78,132,6,4,3,2,2,0.074,0.239,0.101,0.283,0.275,77.0,1.5,-10.1,4.0,0.8
Yonder Alonso,27,SDP,NL,84,288,267,27,64,19,1,7,27,6,1,17,36,0.24,0.285,0.397,0.682,96,106,8,1,0,3,1,0.059,0.125,0.157,0.251,0.299,93.0,1.2,-1.1,-1.4,0.7
Ryan Braun,30,MIL,NL,135,580,530,68,141,30,6,19,81,11,5,41,113,0.266,0.324,0.453,0.777,113,240,17,6,0,3,3,0.071,0.195,0.187,0.304,0.34,113.0,-6.2,2.1,-12.8,0.7
Carlos Corporan,30,HOU,AL,55,190,170,22,40,6,0,6,19,0,0,14,37,0.235,0.302,0.376,0.678,91,64,3,3,1,2,0,0.074,0.195,0.141,0.264,0.303,93.0,-0.7,-2.2,2.8,0.7
Ryan Flaherty,27,BAL,AL,102,312,281,33,62,15,1,7,32,1,0,22,68,0.221,0.288,0.356,0.644,80,100,3,5,3,1,2,0.071,0.218,0.135,0.266,0.287,79.0,2.7,-4.6,0.7,0.7
Jason Kipnis,27,CLE,AL,129,555,500,61,120,25,1,6,41,22,3,50,100,0.24,0.31,0.33,0.64,80,165,15,2,1,2,2,0.09,0.18,0.09,0.288,0.289,84.0,5.1,-4.9,-6.6,0.7
DJ LeMahieu,25,COL,NL,149,538,494,59,132,15,5,5,42,10,10,33,97,0.267,0.315,0.348,0.663,75,172,13,2,7,2,7,0.061,0.18,0.081,0.322,0.292,67.0,-1.8,-22.0,12.1,0.7
Martin Maldonado,27,MIL,NL,52,126,111,14,26,5,0,4,16,0,0,11,32,0.234,0.32,0.387,0.707,95,43,4,3,1,0,1,0.087,0.254,0.153,0.293,0.316,96.0,-0.3,-0.8,3.8,0.7
Kevin Pillar,25,TOR,AL,53,122,116,19,31,9,0,2,7,1,2,4,28,0.267,0.295,0.397,0.692,95,46,3,1,0,1,0,0.033,0.23,0.129,0.333,0.304,92.0,0.9,-0.2,2.2,0.7
Danny Espinosa,27,WSN,NL,114,364,333,31,73,14,3,8,27,8,1,18,122,0.219,0.283,0.351,0.634,74,117,5,12,0,1,5,0.049,0.335,0.132,0.319,0.28,75.0,1.0,-9.4,4.2,0.6
Randal Grichuk,22,STL,NL,47,116,110,11,27,6,1,3,8,0,2,5,31,0.245,0.278,0.4,0.678,88,44,4,0,1,0,0,0.043,0.267,0.155,0.316,0.299,90.0,-1.4,-2.8,4.5,0.6
Travis Ishikawa,30,TOT,NL,62,119,107,9,27,4,1,3,18,0,0,9,34,0.252,0.311,0.393,0.703,100,42,3,1,0,2,1,0.076,0.286,0.14,0.333,0.308,101.0,0.5,0.6,0.9,0.6
Kelly Johnson,32,TOT,AL,106,297,265,29,57,14,2,7,27,2,2,29,71,0.215,0.296,0.362,0.659,86,96,3,2,0,1,0,0.098,0.239,0.147,0.266,0.296,86.0,0.8,-3.7,-0.8,0.6
Tommy Medica,26,SDP,NL,102,259,240,31,56,11,2,9,27,6,1,14,75,0.233,0.286,0.408,0.694,99,98,5,4,0,1,0,0.054,0.29,0.175,0.299,0.307,98.0,1.5,1.1,-3.4,0.6
Mike Moustakas,25,KCR,AL,140,500,457,45,97,21,1,15,54,1,0,35,74,0.212,0.271,0.361,0.632,75,165,12,3,1,4,1,0.07,0.148,0.149,0.22,0.281,76.0,-1.8,-14.9,4.6,0.6
Ryan Rua,24,TEX,AL,28,109,105,11,31,7,0,2,14,1,0,2,18,0.295,0.321,0.419,0.74,105,44,6,2,0,0,0,0.018,0.165,0.124,0.341,0.327,104.0,-0.2,0.3,1.2,0.6
Ramon Santiago,34,CIN,NL,75,214,179,20,44,8,0,2,17,2,1,24,38,0.246,0.343,0.324,0.667,89,58,1,3,7,1,0,0.112,0.178,0.078,0.3,0.307,92.0,-0.4,-2.4,1.8,0.6
Christian Vazquez,23,BOS,AL,55,201,175,15,42,9,0,1,20,0,0,19,33,0.24,0.308,0.309,0.617,73,54,4,0,3,4,1,0.095,0.164,0.069,0.283,0.277,70.0,-1.9,-8.5,7.8,0.6
Arismendy Alcantara,22,CHC,NL,70,300,278,31,57,11,2,10,29,8,5,17,93,0.205,0.254,0.367,0.621,71,102,3,2,1,2,0,0.057,0.31,0.162,0.266,0.275,72.0,2.9,-6.6,1.8,0.5
Cody Asche,24,PHI,NL,121,434,397,43,100,25,0,10,46,0,1,33,102,0.252,0.309,0.39,0.699,94,155,6,0,3,1,4,0.076,0.235,0.139,0.315,0.308,94.0,-0.8,-3.8,-4.9,0.5
Eric Campbell,27,NYM,NL,85,211,190,16,50,9,0,3,16,3,0,17,55,0.263,0.322,0.358,0.68,96,68,5,1,0,3,0,0.081,0.261,0.095,0.348,0.305,98.0,-0.4,-1.0,-0.5,0.5
Ike Davis,27,TOT,NL,143,427,360,43,84,19,0,11,51,0,4,63,78,0.233,0.344,0.378,0.722,104,136,8,0,0,4,3,0.148,0.183,0.144,0.265,0.324,109.0,-2.3,2.1,-10.6,0.5
Omar Infante,32,KCR,AL,135,575,528,50,133,21,3,6,66,9,3,33,68,0.252,0.295,0.337,0.632,76,178,7,2,5,7,3,0.057,0.118,0.085,0.275,0.28,76.0,2.2,-13.3,-0.4,0.5
Munenori Kawasaki,33,TOR,AL,82,274,240,31,62,7,1,0,17,1,0,22,49,0.258,0.327,0.296,0.623,79,71,3,3,8,1,0,0.08,0.179,0.038,0.323,0.286,79.0,1.0,-5.2,0.8,0.5
Jose Lobaton,29,WSN,NL,66,230,214,18,50,9,0,2,12,0,0,15,61,0.234,0.287,0.304,0.591,64,65,5,1,0,0,1,0.065,0.265,0.07,0.318,0.266,65.0,-0.7,-9.6,7.8,0.5
Efren Navarro,28,LAA,AL,64,174,159,17,39,10,1,1,14,1,3,13,27,0.245,0.302,0.34,0.642,86,54,0,0,2,0,2,0.075,0.155,0.094,0.29,0.284,85.0,1.2,-1.7,0.6,0.5
Rougned Odor,20,TEX,AL,114,417,386,39,100,14,7,9,48,4,7,17,71,0.259,0.297,0.402,0.698,93,155,7,5,6,3,1,0.041,0.17,0.142,0.294,0.306,89.0,-0.7,-5.6,-3.7,0.5
Justin Ruggiano,32,CHC,NL,81,250,224,29,63,13,1,6,28,2,4,18,70,0.281,0.337,0.429,0.766,112,96,2,3,1,4,0,0.072,0.28,0.147,0.375,0.337,114.0,-1.1,2.9,-5.9,0.5
Jordan Schafer,27,TOT,MLB,104,240,210,26,50,9,1,1,15,30,7,22,48,0.238,0.31,0.305,0.615,75,64,1,0,8,0,1,0.092,0.2,0.067,0.304,0.279,76.0,4.6,-1.8,-1.4,0.5
Jonathan Schoop,22,BAL,AL,137,481,455,48,95,18,0,16,45,2,0,13,122,0.209,0.244,0.354,0.598,65,161,12,8,5,0,0,0.027,0.254,0.145,0.249,0.265,64.0,0.7,-18.3,7.2,0.5
Marcus Semien,23,CHW,AL,64,255,231,30,54,10,2,6,28,3,0,21,70,0.234,0.3,0.372,0.673,92,86,6,1,2,0,0,0.082,0.275,0.139,0.31,0.301,90.0,0.1,-2.7,-1.2,0.5
Donovan Solano,26,MIA,NL,111,340,310,26,78,11,1,3,28,1,2,19,61,0.252,0.3,0.323,0.623,75,100,5,3,7,1,0,0.056,0.179,0.071,0.304,0.281,76.0,-0.2,-9.3,4.1,0.5
Ichiro Suzuki,40,NYY,AL,143,385,359,42,102,13,2,1,22,15,3,21,68,0.284,0.324,0.34,0.664,89,122,3,1,2,2,1,0.055,0.177,0.056,0.346,0.296,87.0,3.5,-2.1,-5.5,0.5
Kennys Vargas,23,MIN,AL,53,234,215,26,59,10,1,9,38,0,0,12,63,0.274,0.316,0.456,0.772,115,98,5,3,0,4,2,0.051,0.269,0.181,0.34,0.334,114.0,0.6,4.1,-7.3,0.5
Michael Bourn,31,CLE,AL,106,487,444,57,114,17,10,3,28,10,6,35,114,0.257,0.314,0.36,0.674,89,160,5,3,3,2,1,0.072,0.234,0.104,0.337,0.3,91.0,0.6,-4.0,-7.8,0.4
Hank Conger,26,LAA,AL,80,260,231,24,51,12,0,4,25,0,2,22,57,0.221,0.293,0.325,0.618,79,75,6,2,4,1,0,0.085,0.219,0.104,0.275,0.28,82.0,-1.9,-7.0,2.0,0.4
Chris Denorfia,33,TOT,MLB,121,358,330,36,76,12,4,3,21,9,3,25,70,0.23,0.284,0.318,0.602,75,105,6,0,2,1,0,0.07,0.196,0.088,0.283,0.271,74.0,0.5,-10.0,2.4,0.4
Derek Dietrich,24,MIA,NL,49,183,158,31,36,6,2,5,17,1,0,13,38,0.228,0.326,0.386,0.712,99,61,1,10,2,0,0,0.071,0.208,0.158,0.27,0.322,104.0,1.8,2.7,-4.6,0.4
Adam Dunn,34,TOT,AL,131,511,429,49,94,18,0,22,64,1,1,71,159,0.219,0.337,0.415,0.752,115,178,5,7,0,4,5,0.139,0.311,0.196,0.286,0.334,113.0,-3.6,3.9,-17.1,0.4
Brandon Hicks,28,SFG,NL,71,242,204,27,33,6,1,8,22,0,1,32,77,0.162,0.28,0.319,0.599,72,65,5,2,3,1,3,0.132,0.318,0.157,0.208,0.271,76.0,1.5,-4.9,1.4,0.4
Erik Kratz,34,TOT,AL,47,115,110,12,24,4,0,5,13,0,0,4,22,0.218,0.243,0.391,0.634,76,43,4,0,0,1,1,0.035,0.191,0.173,0.226,0.274,72.0,-0.4,-4.0,3.8,0.4
Wilin Rosario,25,COL,NL,106,410,382,46,102,25,0,13,54,1,0,23,70,0.267,0.305,0.435,0.739,93,166,17,0,0,5,5,0.056,0.171,0.168,0.293,0.319,85.0,-3.7,-10.4,2.0,0.4
Melvin Upton,29,ATL,NL,141,582,519,67,108,19,5,12,35,20,7,57,173,0.208,0.287,0.333,0.62,75,173,6,1,3,2,5,0.098,0.297,0.125,0.286,0.277,75.0,2.5,-14.1,0.1,0.4
Danny Valencia,29,TOT,AL,86,284,264,20,68,16,1,4,30,1,1,14,62,0.258,0.296,0.371,0.667,87,98,8,2,0,4,0,0.049,0.218,0.114,0.317,0.295,86.0,-3.7,-8.2,3.1,0.4
Jim Adduci,29,TEX,AL,44,114,101,13,17,3,0,1,8,3,1,10,27,0.168,0.239,0.228,0.467,32,23,2,0,1,2,0,0.088,0.237,0.059,0.213,0.217,26.0,1.7,-7.5,6.1,0.3
Clint Barmes,35,PIT,NL,48,116,102,15,25,5,0,0,7,1,1,9,18,0.245,0.328,0.294,0.622,77,30,2,4,0,1,2,0.078,0.155,0.049,0.294,0.28,79.0,-0.7,-3.4,2.8,0.3
Xander Bogaerts,21,BOS,AL,144,594,538,60,129,28,1,12,46,2,3,39,138,0.24,0.297,0.362,0.66,83,195,11,8,2,7,1,0.066,0.232,0.123,0.296,0.294,82.0,0.8,-11.2,-4.8,0.3
David DeJesus,34,TBR,AL,83,273,238,24,59,15,2,6,19,0,3,30,43,0.248,0.344,0.403,0.748,115,96,7,5,0,0,1,0.11,0.158,0.155,0.28,0.335,118.0,-1.9,3.6,-9.8,0.3
Didi Gregorius,24,ARI,NL,80,299,270,35,61,9,5,6,27,3,0,22,52,0.226,0.29,0.363,0.653,81,98,1,3,2,2,3,0.074,0.174,0.137,0.257,0.287,76.0,3.7,-4.4,-1.4,0.3
Nick Hundley,30,TOT,MLB,83,233,218,18,53,7,0,6,22,1,0,10,63,0.243,0.273,0.358,0.631,77,78,3,0,2,3,0,0.043,0.27,0.115,0.309,0.279,75.0,-1.3,-7.8,3.2,0.3
John Mayberry,30,TOT,MLB,78,168,146,15,31,10,0,7,23,0,0,20,35,0.212,0.31,0.425,0.734,104,62,2,1,0,1,0,0.119,0.208,0.212,0.229,0.326,107.0,0.2,1.4,-4.1,0.3
Ramiro Pena,28,ATL,NL,81,165,147,9,36,6,0,3,9,1,0,13,38,0.245,0.304,0.347,0.651,84,51,0,0,4,1,3,0.079,0.23,0.102,0.308,0.285,80.0,1.1,-2.6,0.7,0.3
Gregory Polanco,22,PIT,NL,89,312,277,50,65,9,0,7,33,14,5,30,59,0.235,0.307,0.343,0.65,84,95,1,0,2,2,1,0.096,0.189,0.108,0.272,0.293,88.0,4.4,0.2,-6.4,0.3
Miguel Rojas,25,LAD,NL,85,162,149,16,27,3,0,1,9,0,0,10,28,0.181,0.242,0.221,0.464,34,33,5,2,1,0,1,0.062,0.173,0.04,0.217,0.213,34.0,-0.4,-12.5,10.3,0.3
David Ross,37,BOS,AL,50,171,152,16,28,7,0,7,15,0,1,16,58,0.184,0.26,0.368,0.629,74,56,1,0,2,1,1,0.094,0.339,0.184,0.239,0.278,71.0,0.6,-4.9,2.2,0.3
Darin Ruf,27,PHI,NL,52,117,102,13,24,8,0,3,8,0,0,8,32,0.235,0.31,0.402,0.712,98,41,2,4,1,2,0,0.068,0.274,0.167,0.304,0.316,100.0,-0.8,-0.9,0.5,0.3
Eric Sogard,28,OAK,AL,117,329,291,38,65,10,0,1,22,11,4,31,37,0.223,0.298,0.268,0.567,64,78,6,1,4,2,0,0.094,0.112,0.045,0.251,0.262,67.0,2.6,-9.4,1.8,0.3
Chris Young,30,TOT,MLB,111,366,325,40,72,20,0,11,38,8,3,32,70,0.222,0.299,0.385,0.683,95,125,3,5,1,3,2,0.087,0.191,0.163,0.247,0.303,95.0,1.4,-0.6,-7.4,0.3
Ehire Adrianza,24,SFG,NL,53,106,97,10,23,6,0,0,5,1,1,5,22,0.237,0.279,0.299,0.578,66,29,2,1,2,1,1,0.047,0.208,0.062,0.303,0.256,66.0,-0.3,-4.3,2.8,0.2
Drew Butera,30,LAD,NL,61,192,170,16,32,6,1,3,14,0,0,17,41,0.188,0.267,0.288,0.555,59,49,1,2,1,2,1,0.089,0.214,0.1,0.227,0.252,60.0,-0.4,-9.0,5.3,0.2
Adeiny Hechavarria,25,MIA,NL,146,574,536,53,148,20,10,1,34,7,5,26,86,0.276,0.308,0.356,0.664,86,191,21,1,4,6,5,0.045,0.15,0.08,0.323,0.29,82.0,-1.3,-12.8,-2.2,0.2
Elian Herrera,29,MIL,NL,69,140,135,14,37,7,1,0,5,4,1,3,36,0.274,0.288,0.341,0.629,74,46,1,0,1,1,1,0.021,0.257,0.067,0.37,0.274,68.0,1.0,-4.0,1.7,0.2
Chris Johnson,29,ATL,NL,153,611,582,43,153,27,0,10,58,6,0,23,159,0.263,0.292,0.361,0.653,84,210,23,2,2,2,2,0.038,0.26,0.098,0.345,0.289,83.0,-2.6,-14.5,-1.4,0.2
Garrett Jones,33,MIA,NL,146,547,496,59,122,33,2,15,53,0,1,46,116,0.246,0.309,0.411,0.72,100,204,10,1,0,4,4,0.084,0.212,0.165,0.29,0.316,100.0,-2.0,-2.1,-12.0,0.2
Ed Lucas,32,MIA,NL,69,189,179,19,45,5,0,1,9,1,0,8,48,0.251,0.283,0.296,0.58,63,53,4,0,2,0,0,0.042,0.254,0.045,0.338,0.261,62.0,0.7,-7.3,3.6,0.2
Jeff Mathis,31,MIA,NL,64,195,175,12,35,7,0,2,12,0,0,15,64,0.2,0.263,0.274,0.537,52,48,2,0,5,0,2,0.077,0.328,0.074,0.303,0.241,49.0,0.2,-11.0,7.2,0.2
Cameron Maybin,27,SDP,NL,95,272,251,24,59,13,4,1,15,4,3,19,56,0.235,0.29,0.331,0.621,81,83,8,1,0,1,2,0.07,0.206,0.096,0.297,0.275,77.0,-1.0,-8.0,2.2,0.2
Wil Nieves,36,PHI,NL,36,128,122,9,31,8,0,1,7,1,0,1,34,0.254,0.27,0.344,0.614,71,42,2,2,2,1,0,0.008,0.266,0.09,0.341,0.271,69.0,-1.1,-5.6,3.8,0.2
Nick Punto,36,OAK,AL,73,224,198,21,41,7,2,2,14,3,1,25,56,0.207,0.296,0.293,0.589,70,58,5,0,1,0,0,0.112,0.25,0.086,0.279,0.271,73.0,-0.9,-7.4,2.0,0.2
Brian Roberts,36,NYY,AL,91,348,317,40,75,16,4,5,21,7,4,28,53,0.237,0.3,0.36,0.659,87,114,9,1,1,1,1,0.08,0.152,0.123,0.269,0.294,85.0,0.2,-5.5,-4.0,0.2
Jordany Valdespin,26,MIA,NL,52,113,98,8,21,2,1,3,10,1,0,9,16,0.214,0.28,0.347,0.627,75,34,1,0,6,0,0,0.08,0.142,0.133,0.228,0.282,77.0,2.1,-0.8,-1.0,0.2
Willie Bloomquist,36,SEA,AL,47,139,133,15,37,6,0,1,14,1,1,4,32,0.278,0.297,0.346,0.643,86,46,1,0,1,1,1,0.029,0.23,0.068,0.356,0.282,82.0,0.0,-2.8,-0.8,0.1
Shin-Soo Choo,31,TEX,AL,123,529,455,58,110,19,1,13,40,3,4,58,131,0.242,0.34,0.374,0.714,100,170,9,12,0,4,3,0.11,0.248,0.132,0.308,0.321,100.0,0.8,0.6,-16.7,0.1
Jordan Danks,27,CHW,AL,51,132,117,14,26,2,0,2,10,5,3,14,46,0.222,0.303,0.291,0.594,72,34,1,0,0,1,1,0.106,0.348,0.068,0.343,0.27,69.0,1.1,-3.4,0.3,0.1
Aaron Hicks,24,MIN,AL,69,225,186,22,40,8,0,1,18,4,3,36,56,0.215,0.341,0.274,0.615,76,51,2,0,2,1,0,0.16,0.249,0.059,0.3,0.291,83.0,1.3,-2.8,-3.6,0.1
Eric Hosmer,24,KCR,AL,131,547,503,54,136,35,1,9,58,4,2,35,93,0.27,0.318,0.398,0.716,99,200,12,3,0,6,4,0.064,0.17,0.127,0.312,0.314,99.0,-6.0,-6.4,-10.1,0.1
Eduardo Nunez,27,MIN,AL,72,213,204,26,51,7,4,4,24,9,3,5,31,0.25,0.271,0.382,0.654,82,78,7,1,3,0,0,0.023,0.146,0.132,0.278,0.287,81.0,1.4,-3.1,-3.3,0.1
Gerardo Parra,27,TOT,NL,150,574,529,64,138,22,4,9,40,9,7,32,100,0.261,0.308,0.369,0.677,88,195,10,5,6,2,5,0.056,0.174,0.108,0.306,0.298,84.0,-0.4,-10.7,-5.4,0.1
Josmil Pinto,25,MIN,AL,57,197,169,25,37,8,0,7,18,0,1,24,50,0.219,0.315,0.391,0.705,98,66,7,1,0,3,0,0.122,0.254,0.172,0.261,0.315,100.0,-1.4,-1.3,-4.4,0.1
Alex Rios,33,TEX,AL,131,521,492,54,138,30,8,4,54,17,9,23,93,0.28,0.311,0.398,0.709,97,196,19,1,0,5,3,0.044,0.179,0.118,0.335,0.309,91.0,0.1,-5.0,-10.9,0.1
Ryan Sweeney,29,CHC,NL,77,226,207,22,52,9,0,3,20,0,0,15,33,0.251,0.304,0.338,0.642,79,70,4,1,2,1,2,0.066,0.146,0.087,0.285,0.285,79.0,0.6,-4.8,-0.6,0.1
Joaquin Arias,29,SFG,NL,107,204,193,18,49,9,0,0,15,1,0,8,23,0.254,0.281,0.301,0.581,67,58,1,0,1,2,2,0.039,0.113,0.047,0.285,0.255,66.0,0.4,-7.4,0.5,-0.1
Brandon Barnes,28,COL,NL,132,313,292,37,75,17,4,8,27,5,4,15,100,0.257,0.293,0.425,0.718,87,124,11,0,6,0,0,0.048,0.319,0.168,0.364,0.315,83.0,-1.3,-7.4,-2.5,-0.1
Christian Bethancourt,22,ATL,NL,31,117,113,7,28,3,0,0,9,1,1,3,26,0.248,0.274,0.274,0.548,56,31,3,1,0,0,0,0.026,0.222,0.027,0.322,0.247,54.0,-0.5,-6.5,1.8,-0.1
Daniel Descalso,27,STL,NL,104,184,161,20,39,11,0,0,10,1,3,20,33,0.242,0.333,0.311,0.644,83,50,2,2,1,0,0,0.109,0.179,0.068,0.305,0.297,89.0,-0.7,-3.1,-3.3,-0.1
Chris Dickerson,32,CLE,AL,41,112,98,12,22,4,0,2,6,3,0,12,38,0.224,0.309,0.327,0.636,79,32,2,0,2,0,0,0.107,0.339,0.102,0.345,0.29,85.0,0.5,-1.4,-3.1,-0.1
Yunel Escobar,31,TBR,AL,137,529,476,33,123,18,0,7,39,1,1,43,60,0.258,0.324,0.34,0.664,92,162,15,4,4,2,3,0.081,0.113,0.082,0.282,0.299,93.0,-3.0,-6.9,-11.0,-0.1
Chris Gimenez,31,TOT,AL,42,128,116,13,28,10,0,0,11,0,1,12,29,0.241,0.313,0.328,0.64,80,38,3,0,0,0,1,0.094,0.227,0.086,0.322,0.287,76.0,0.2,-3.1,-1.7,-0.1
Jonny Gomes,33,TOT,AL,112,321,273,28,64,8,0,6,37,0,0,35,88,0.234,0.327,0.33,0.657,86,90,6,6,0,7,2,0.109,0.274,0.095,0.312,0.297,85.0,2.0,-3.2,-8.5,-0.1
Jonathan Herrera,29,BOS,AL,42,104,90,10,21,1,2,0,9,1,3,7,24,0.233,0.307,0.289,0.596,68,26,3,3,3,1,0,0.067,0.231,0.056,0.313,0.273,67.0,-0.8,-4.6,0.7,-0.1
Derek Jeter,40,NYY,AL,145,634,581,47,149,19,1,4,50,10,2,35,87,0.256,0.304,0.313,0.617,76,182,15,6,8,4,0,0.055,0.137,0.057,0.294,0.279,74.0,0.3,-17.5,-4.0,-0.1
Tommy La Stella,25,ATL,NL,93,360,319,22,80,16,1,1,31,2,1,36,40,0.251,0.328,0.317,0.644,84,101,8,1,3,1,2,0.1,0.111,0.066,0.283,0.292,85.0,-4.7,-10.8,-0.9,-0.1
Alex Presley,28,HOU,AL,89,271,254,22,62,6,1,6,19,5,1,13,44,0.244,0.281,0.346,0.628,77,88,3,1,1,2,0,0.048,0.162,0.102,0.272,0.28,76.0,0.3,-6.8,-3.1,-0.1
Luis Sardinas,21,TEX,AL,43,125,115,12,30,6,0,0,8,5,1,5,21,0.261,0.303,0.313,0.616,73,36,5,2,3,0,0,0.04,0.168,0.052,0.319,0.279,70.0,0.9,-3.3,-1.2,-0.1
Jean Segura,24,MIL,NL,146,557,513,61,126,14,6,5,31,20,9,28,70,0.246,0.289,0.326,0.614,70,167,13,4,10,2,5,0.05,0.126,0.08,0.275,0.272,66.0,1.6,-19.6,2.4,-0.1
Zach Walters,24,TOT,MLB,62,137,127,16,23,3,0,10,17,0,0,9,48,0.181,0.241,0.441,0.682,86,56,0,1,0,0,0,0.066,0.35,0.26,0.188,0.3,90.0,0.1,-1.4,-3.7,-0.1
Freddy Galvis,24,PHI,NL,43,128,119,14,21,3,1,4,12,1,0,8,30,0.176,0.227,0.319,0.546,51,38,0,0,0,1,0,0.063,0.234,0.143,0.198,0.243,50.0,1.8,-5.4,-0.5,-0.2
Grant Green,26,LAA,AL,43,103,99,7,27,5,0,1,11,1,4,2,20,0.273,0.282,0.354,0.635,83,35,3,0,0,2,0,0.019,0.194,0.081,0.325,0.278,81.0,-1.4,-3.6,-1.5,-0.2
Bryan Holaday,26,DET,AL,62,171,156,14,36,5,1,0,15,1,1,8,37,0.231,0.266,0.276,0.542,54,43,4,1,2,4,0,0.047,0.216,0.045,0.293,0.243,50.0,-1.4,-10.9,3.5,-0.2
Chris Parmelee,26,MIN,AL,87,270,250,27,64,11,0,7,28,0,3,17,64,0.256,0.307,0.384,0.691,94,96,7,2,0,1,0,0.063,0.237,0.128,0.317,0.308,96.0,-2.9,-4.2,-5.9,-0.2
Sean Rodriguez,29,TBR,AL,96,259,237,30,50,13,3,12,41,2,1,10,66,0.211,0.258,0.443,0.701,97,105,3,6,3,3,0,0.039,0.255,0.232,0.235,0.305,98.0,-0.1,-0.8,-9.2,-0.2
Carlos Sanchez,22,CHW,AL,28,104,100,6,25,5,0,0,5,1,1,3,25,0.25,0.269,0.3,0.569,64,30,1,0,0,1,0,0.029,0.24,0.05,0.329,0.253,56.0,-1.2,-6.1,0.6,-0.2
Moises Sierra,25,TOT,AL,96,170,161,22,37,8,2,2,9,3,1,8,43,0.23,0.265,0.342,0.606,73,55,1,0,0,1,0,0.047,0.253,0.112,0.299,0.268,67.0,0.4,-5.8,-1.8,-0.2
Jonathan Villar,23,HOU,AL,87,289,263,31,55,13,2,7,27,17,4,19,80,0.209,0.267,0.354,0.62,75,93,4,2,4,1,1,0.066,0.277,0.144,0.271,0.275,73.0,2.9,-5.6,-5.2,-0.2
Jeff Baker,33,MIA,NL,90,225,208,27,55,10,4,3,28,1,0,13,51,0.264,0.307,0.394,0.701,95,82,8,1,0,3,1,0.058,0.227,0.13,0.331,0.306,93.0,-1.3,-3.0,-6.8,-0.3
Gordon Beckham,27,TOT,AL,127,483,446,53,101,27,0,9,44,3,0,22,81,0.226,0.271,0.348,0.618,77,155,17,7,3,5,2,0.046,0.168,0.121,0.255,0.273,71.0,-1.7,-16.9,-1.8,-0.3
C.J. Cron,24,LAA,AL,79,253,242,28,62,12,1,11,37,0,0,10,61,0.256,0.289,0.45,0.739,111,109,10,1,0,0,0,0.04,0.241,0.194,0.3,0.324,113.0,-4.2,-0.7,-10.3,-0.3
Mark Ellis,37,STL,NL,73,202,178,15,32,6,0,0,12,4,1,14,38,0.18,0.253,0.213,0.466,33,38,0,4,4,2,3,0.069,0.188,0.034,0.225,0.212,31.0,2.5,-13.3,4.5,-0.3
Prince Fielder,30,TEX,AL,42,178,150,19,37,8,0,3,16,0,0,25,24,0.247,0.36,0.36,0.72,102,54,5,2,0,1,11,0.14,0.135,0.113,0.274,0.305,88.0,-2.8,-5.1,-3.4,-0.3
Kevin Frandsen,32,WSN,NL,105,236,220,17,57,8,0,1,17,0,0,6,26,0.259,0.299,0.309,0.608,69,68,7,7,2,1,0,0.025,0.11,0.05,0.289,0.275,71.0,0.2,-7.4,-2.5,-0.3
Don Kelly,34,DET,AL,95,185,163,24,40,5,1,0,7,6,1,20,29,0.245,0.332,0.288,0.62,78,47,6,1,1,0,1,0.108,0.157,0.043,0.299,0.285,79.0,-0.1,-4.3,-4.7,-0.3
Gerald Laird,34,ATL,NL,53,167,152,12,31,8,0,0,10,0,0,14,33,0.204,0.275,0.257,0.532,52,39,6,1,0,0,2,0.084,0.198,0.053,0.261,0.241,50.0,-1.4,-10.8,3.1,-0.3
Adrian Nieto,24,CHW,AL,48,118,106,8,25,5,0,2,7,0,1,8,38,0.236,0.296,0.34,0.635,83,36,3,1,3,0,0,0.068,0.322,0.104,0.348,0.287,80.0,-1.5,-4.1,-2.8,-0.3
Lyle Overbay,37,MIL,NL,121,296,258,24,60,14,0,4,35,2,0,36,60,0.233,0.328,0.333,0.661,84,86,8,1,0,1,2,0.122,0.203,0.101,0.287,0.3,85.0,0.6,-4.3,-7.4,-0.3
J.B. Shuck,27,TOT,AL,38,114,110,12,16,1,0,2,9,2,0,3,12,0.145,0.168,0.209,0.377,8,23,1,0,1,0,1,0.026,0.105,0.064,0.146,0.165,1.0,1.3,-11.0,4.2,-0.3
Bobby Abreu,40,NYM,NL,78,155,133,12,33,9,0,1,14,1,0,20,21,0.248,0.342,0.338,0.68,97,45,3,0,0,2,0,0.129,0.135,0.09,0.283,0.309,101.0,-1.4,-1.2,-6.8,-0.4
Mike Aviles,33,CLE,AL,113,374,344,38,85,16,1,5,39,14,5,13,49,0.247,0.273,0.343,0.616,72,118,10,1,11,5,0,0.035,0.131,0.096,0.271,0.272,72.0,2.1,-9.5,-6.2,-0.4
Everth Cabrera,27,SDP,NL,90,391,357,36,83,13,1,3,20,18,8,20,86,0.232,0.272,0.3,0.572,67,107,5,1,9,4,0,0.051,0.22,0.067,0.294,0.257,64.0,1.5,-14.2,-0.6,-0.4
Logan Forsythe,27,TBR,AL,110,336,301,32,67,12,1,6,26,2,0,25,71,0.223,0.287,0.329,0.616,77,99,9,4,2,4,0,0.074,0.211,0.106,0.268,0.278,79.0,-1.6,-9.5,-5.2,-0.4
Avisail Garcia,23,CHW,AL,46,190,172,19,42,8,0,7,29,4,1,14,44,0.244,0.305,0.413,0.718,105,71,5,2,0,2,1,0.074,0.232,0.169,0.285,0.316,100.0,-1.2,-1.2,-8.3,-0.4
Ryan Howard,34,PHI,NL,153,648,569,65,127,18,1,23,95,0,0,67,190,0.223,0.31,0.38,0.69,92,216,10,7,0,5,7,0.103,0.293,0.156,0.288,0.306,93.0,-2.7,-8.1,-14.5,-0.4
Juan Perez,27,SFG,NL,61,109,100,13,17,7,0,1,3,0,1,5,25,0.17,0.224,0.27,0.494,41,27,3,2,2,0,0,0.046,0.229,0.1,0.216,0.225,45.0,0.2,-6.6,-0.7,-0.4
Hector Sanchez,24,SFG,NL,66,177,163,8,32,8,0,3,28,0,1,8,55,0.196,0.237,0.301,0.538,53,49,2,2,0,4,1,0.045,0.311,0.104,0.266,0.237,53.0,-0.1,-9.4,0.5,-0.4
Justin Smoak,27,SEA,AL,80,276,248,28,50,13,0,7,30,0,1,24,66,0.202,0.275,0.339,0.614,77,84,8,2,0,2,0,0.087,0.239,0.137,0.243,0.277,78.0,-0.8,-7.4,-4.7,-0.4
Nick Castellanos,22,DET,AL,148,579,533,50,138,31,4,11,66,2,2,36,140,0.259,0.306,0.394,0.7,96,210,7,3,0,7,3,0.062,0.242,0.135,0.326,0.307,94.0,-3.0,-6.7,-16.3,-0.5
Ryan Doumit,33,ATL,NL,100,166,157,11,31,4,0,5,17,1,0,7,49,0.197,0.235,0.318,0.553,55,50,1,1,0,1,1,0.042,0.295,0.121,0.25,0.244,52.0,1.0,-7.9,-1.5,-0.5
Carlos Gonzalez,28,COL,NL,70,281,260,35,62,15,1,11,38,3,0,19,70,0.238,0.292,0.431,0.723,88,112,7,1,0,1,2,0.068,0.249,0.192,0.283,0.315,83.0,-1.0,-6.4,-6.4,-0.5
Jesus Guzman,30,HOU,AL,69,184,165,10,31,4,0,2,9,3,0,19,52,0.188,0.272,0.248,0.52,49,41,4,0,0,0,0,0.103,0.283,0.061,0.261,0.243,51.0,0.6,-9.3,-1.0,-0.5
Nate McLouth,32,WSN,NL,79,162,139,10,24,6,0,1,7,4,1,16,35,0.173,0.28,0.237,0.517,45,33,0,5,1,1,1,0.099,0.216,0.065,0.221,0.243,50.0,2.4,-6.8,-2.6,-0.5
David Murphy,32,CLE,AL,129,462,416,40,109,25,1,8,58,2,3,36,61,0.262,0.319,0.385,0.703,97,160,6,2,1,7,2,0.078,0.132,0.123,0.285,0.311,99.0,-2.0,-2.8,-16.6,-0.5
Donnie Murphy,31,TEX,AL,45,128,112,11,22,3,0,4,14,0,1,11,38,0.196,0.268,0.33,0.598,66,37,2,1,1,3,0,0.086,0.297,0.134,0.247,0.268,63.0,-0.7,-6.0,-2.5,-0.5
Mike Olt,25,CHC,NL,89,258,225,23,36,8,0,12,33,0,1,25,100,0.16,0.248,0.356,0.604,66,80,3,3,0,5,0,0.097,0.388,0.196,0.203,0.27,68.0,-0.3,-9.6,-2.7,-0.5
Billy Butler,28,KCR,AL,151,603,549,57,149,32,0,9,66,0,0,41,96,0.271,0.323,0.379,0.702,96,208,21,5,0,8,3,0.068,0.159,0.107,0.31,0.311,97.0,-8.2,-10.1,-14.5,-0.6
Mike Carp,28,TOT,AL,59,149,126,11,22,5,1,0,13,0,1,16,31,0.175,0.289,0.23,0.519,48,29,6,5,0,2,0,0.107,0.208,0.056,0.227,0.248,49.0,-1.8,-10.1,-0.6,-0.6
Tony Cruz,27,STL,NL,50,150,135,11,27,5,0,1,17,0,3,13,28,0.2,0.27,0.259,0.53,50,35,6,0,2,0,1,0.087,0.187,0.059,0.245,0.242,51.0,-2.3,-10.5,0.5,-0.6
A.J. Ellis,33,LAD,NL,93,347,283,21,54,9,0,3,25,0,0,53,57,0.191,0.323,0.254,0.577,68,72,15,4,3,4,5,0.153,0.164,0.064,0.225,0.27,72.0,-8.3,-19.1,3.5,-0.6
Ryan Goins,26,TOR,AL,67,193,181,14,34,6,3,1,15,0,1,5,42,0.188,0.209,0.271,0.479,35,49,4,0,6,1,0,0.026,0.218,0.083,0.237,0.212,28.0,-0.8,-16.2,4.7,-0.6
Cesar Hernandez,24,PHI,NL,66,125,114,13,27,2,0,1,4,1,1,9,33,0.237,0.29,0.281,0.571,61,32,1,0,1,1,1,0.072,0.264,0.044,0.321,0.257,59.0,1.0,-4.7,-4.0,-0.6
James Jones,25,SEA,AL,108,328,312,46,78,9,5,0,9,27,1,12,67,0.25,0.278,0.311,0.589,71,97,4,0,4,0,0,0.037,0.204,0.061,0.318,0.262,68.0,7.3,-4.1,-12.3,-0.6
Rymer Liriano,23,SDP,NL,38,121,109,13,24,2,0,1,6,4,1,9,39,0.22,0.289,0.266,0.555,63,29,6,2,0,1,1,0.074,0.322,0.046,0.329,0.253,62.0,-0.2,-5.4,-4.0,-0.6
Ryan Ludwick,35,CIN,NL,112,400,357,28,87,20,0,9,45,0,2,31,94,0.244,0.308,0.375,0.683,91,134,6,4,1,4,1,0.078,0.235,0.132,0.302,0.304,90.0,-3.9,-8.6,-9.2,-0.6
Mitch Moreland,28,TEX,AL,52,184,167,18,41,9,1,2,23,0,0,12,43,0.246,0.297,0.347,0.644,80,58,7,1,2,2,0,0.065,0.234,0.102,0.315,0.287,76.0,-2.4,-7.2,-4.5,-0.6
Brayan Pena,32,CIN,NL,115,372,348,23,88,18,1,5,26,2,3,20,42,0.253,0.291,0.353,0.645,80,123,8,0,1,3,2,0.054,0.113,0.101,0.273,0.284,76.0,-7.4,-17.5,0.7,-0.6
A.J. Pierzynski,37,TOT,MLB,102,362,338,25,85,12,1,5,37,0,1,14,54,0.251,0.288,0.337,0.625,75,114,13,5,1,4,2,0.039,0.149,0.086,0.283,0.277,71.0,-4.5,-16.1,-0.9,-0.6
Jose Tabata,25,PIT,NL,80,186,174,14,49,5,2,0,17,1,2,7,26,0.282,0.314,0.333,0.647,83,58,12,2,1,2,0,0.038,0.14,0.052,0.327,0.289,85.0,-2.2,-5.4,-5.3,-0.6
Carlos Beltran,37,NYY,AL,109,449,403,46,94,23,0,15,49,3,1,37,80,0.233,0.301,0.402,0.703,98,162,11,4,0,5,2,0.082,0.178,0.169,0.252,0.31,96.0,-5.1,-7.0,-13.4,-0.7
Reed Johnson,37,MIA,NL,113,201,187,24,44,15,0,2,25,0,1,1,37,0.235,0.266,0.348,0.614,71,65,4,8,2,3,0,0.005,0.184,0.112,0.278,0.272,70.0,0.2,-6.7,-5.8,-0.7
Brendan Ryan,32,NYY,AL,49,124,114,5,19,4,0,0,8,0,2,4,30,0.167,0.211,0.202,0.413,18,23,2,3,1,2,0,0.032,0.242,0.035,0.221,0.19,13.0,-1.0,-12.9,2.9,-0.7
Grady Sizemore,31,TOT,MLB,112,381,347,35,81,19,4,5,27,6,1,33,76,0.233,0.299,0.354,0.654,82,123,10,0,0,1,0,0.087,0.199,0.121,0.285,0.293,82.0,-0.1,-7.6,-10.7,-0.7
Dayan Viciedo,25,CHW,AL,145,563,523,65,121,22,3,21,58,0,1,32,122,0.231,0.281,0.405,0.686,95,212,19,5,0,3,3,0.057,0.217,0.174,0.261,0.301,90.0,-1.3,-7.6,-17.4,-0.7
Javier Baez,21,CHC,NL,52,229,213,25,36,6,0,9,20,5,1,15,95,0.169,0.227,0.324,0.551,52,69,5,1,0,0,0,0.066,0.415,0.155,0.248,0.248,53.0,0.8,-11.3,-3.0,-0.8
L.J. Hoes,24,HOU,AL,55,136,122,12,21,5,0,3,11,0,0,10,31,0.172,0.23,0.287,0.517,46,35,5,0,1,3,0,0.074,0.228,0.115,0.198,0.232,43.0,-0.3,-8.8,-2.6,-0.8
Ryan Kalish,26,CHC,NL,57,130,121,13,30,4,4,0,5,3,2,8,28,0.248,0.295,0.347,0.642,78,42,3,0,1,0,1,0.062,0.215,0.099,0.323,0.282,77.0,-0.3,-3.7,-7.5,-0.8
Alfredo Marte,25,ARI,NL,44,114,106,8,18,5,1,2,9,1,0,6,34,0.17,0.221,0.292,0.514,42,31,2,1,1,0,0,0.053,0.298,0.123,0.229,0.231,38.0,-0.3,-8.2,-2.2,-0.8
Josh Rutledge,25,COL,NL,105,342,309,44,83,16,7,4,33,2,3,20,83,0.269,0.323,0.405,0.728,91,125,6,6,5,2,0,0.058,0.243,0.136,0.353,0.322,87.0,-0.2,-5.1,-12.7,-0.8
Nate Schierholtz,30,TOT,NL,122,383,353,32,69,11,4,7,37,4,5,20,84,0.195,0.243,0.309,0.552,52,109,6,4,0,6,0,0.052,0.219,0.113,0.231,0.246,52.0,0.1,-20.5,1.5,-0.8
Dan Uggla,34,TOT,NL,52,157,141,14,21,3,0,2,10,0,0,11,46,0.149,0.229,0.213,0.442,27,30,3,4,0,1,0,0.07,0.293,0.064,0.202,0.209,29.0,1.2,-11.4,-0.3,-0.8
John Baker,33,CHC,NL,68,208,182,9,35,7,0,0,15,0,0,19,58,0.192,0.273,0.231,0.504,43,42,3,2,3,2,3,0.091,0.279,0.038,0.278,0.23,41.0,-1.1,-14.9,0.8,-0.9
Jay Bruce,27,CIN,NL,137,545,493,71,107,21,1,18,66,12,3,44,149,0.217,0.281,0.373,0.654,82,184,8,2,1,5,5,0.081,0.273,0.156,0.269,0.288,78.0,2.5,-10.8,-13.6,-0.9
Chris Colabello,30,MIN,AL,59,220,205,17,47,13,0,6,39,0,2,14,66,0.229,0.282,0.38,0.662,85,78,2,1,0,0,1,0.064,0.3,0.151,0.308,0.293,85.0,-0.3,-4.0,-11.6,-0.9
Aaron Hill,32,ARI,NL,133,541,501,52,122,26,3,10,60,4,3,28,92,0.244,0.287,0.367,0.654,81,184,16,5,0,7,0,0.052,0.17,0.124,0.276,0.289,78.0,-2.9,-16.4,-7.5,-0.9
Raul Ibanez,42,TOT,AL,90,280,246,23,41,8,3,5,26,3,2,33,59,0.167,0.264,0.285,0.549,58,70,2,0,0,1,0,0.118,0.211,0.118,0.197,0.253,61.0,-1.8,-13.7,-3.3,-0.9
Junior Lake,24,CHC,NL,108,326,308,30,65,10,3,9,25,7,3,14,110,0.211,0.246,0.351,0.597,64,108,3,1,1,2,0,0.043,0.337,0.14,0.293,0.264,64.0,1.7,-11.5,-6.0,-0.9
Jordan Pacheco,28,TOT,NL,69,165,153,10,39,10,1,0,16,0,0,9,27,0.255,0.299,0.333,0.632,72,51,6,1,1,1,0,0.055,0.164,0.078,0.307,0.283,67.0,-2.0,-8.2,-5.0,-0.9
Carlos Quentin,31,SDP,NL,50,155,130,9,23,6,0,4,18,0,0,17,33,0.177,0.284,0.315,0.599,74,41,5,4,0,4,0,0.11,0.213,0.138,0.196,0.274,76.0,-2.3,-6.5,-6.3,-0.9
Stephen Drew,31,TOT,AL,85,300,271,18,44,14,1,7,26,1,1,27,75,0.162,0.237,0.299,0.536,50,81,1,0,0,2,3,0.09,0.25,0.137,0.194,0.238,45.0,-2.2,-20.4,1.5,-1.0
Tony Gwynn,31,PHI,NL,80,127,105,14,16,2,1,0,3,3,0,15,23,0.152,0.264,0.19,0.455,30,20,0,1,6,0,1,0.118,0.181,0.038,0.195,0.218,33.0,0.2,-9.4,-3.2,-1.0
Marc Krauss,26,HOU,AL,67,208,186,16,36,6,0,6,21,0,0,21,54,0.194,0.279,0.323,0.601,71,60,7,1,0,0,0,0.101,0.26,0.129,0.238,0.275,73.0,-2.8,-9.0,-6.4,-1.0
Will Middlebrooks,25,BOS,AL,63,234,215,14,41,10,0,2,19,1,1,15,70,0.191,0.256,0.265,0.522,46,57,7,4,0,0,1,0.064,0.299,0.074,0.273,0.238,43.0,-1.9,-16.6,0.3,-1.0
Jon Singleton,22,HOU,AL,95,362,310,42,52,13,0,13,44,2,3,50,134,0.168,0.285,0.335,0.62,76,104,4,1,0,1,1,0.138,0.37,0.168,0.238,0.283,78.0,0.9,-7.7,-13.3,-1.0
Alfonso Soriano,38,NYY,AL,67,238,226,22,50,15,0,6,23,1,0,6,71,0.221,0.244,0.367,0.611,71,83,3,2,0,4,1,0.025,0.298,0.146,0.288,0.265,65.0,1.9,-7.3,-9.8,-1.0
Corey Hart,32,SEA,AL,68,255,232,17,47,9,0,6,21,2,0,16,59,0.203,0.271,0.319,0.59,71,74,1,6,0,1,1,0.063,0.231,0.116,0.244,0.266,71.0,-1.4,-9.6,-8.5,-1.1
Jason Kubel,32,MIN,AL,45,176,156,12,35,6,1,1,13,1,0,19,59,0.224,0.313,0.295,0.607,73,46,1,1,0,0,1,0.108,0.335,0.071,0.354,0.278,75.0,0.8,-4.1,-11.2,-1.1
Stefen Romero,25,SEA,AL,72,190,177,19,34,6,2,3,11,0,4,4,48,0.192,0.234,0.299,0.533,54,53,5,6,2,1,0,0.021,0.253,0.107,0.244,0.239,52.0,-1.3,-11.3,-5.0,-1.1
Charlie Culberson,25,COL,NL,95,233,210,17,41,7,2,3,24,2,2,12,62,0.195,0.253,0.29,0.544,43,61,6,5,4,2,2,0.052,0.266,0.095,0.259,0.242,33.0,1.4,-16.2,-1.8,-1.2
Paul Konerko,38,CHW,AL,81,224,208,15,43,8,0,5,22,0,0,10,51,0.207,0.254,0.317,0.572,64,66,7,4,0,2,0,0.045,0.228,0.111,0.247,0.257,59.0,-2.6,-12.7,-5.9,-1.2
Cody Ross,33,ARI,NL,83,219,202,15,51,8,0,2,15,0,0,15,44,0.252,0.306,0.322,0.628,75,65,3,1,0,1,0,0.068,0.201,0.069,0.312,0.284,74.0,0.9,-5.5,-11.7,-1.2
Oscar Taveras,22,STL,NL,80,248,234,18,56,8,0,3,22,0,1,12,37,0.239,0.278,0.312,0.59,66,73,10,1,0,1,0,0.048,0.149,0.073,0.272,0.265,67.0,-2.7,-11.9,-6.7,-1.2
Mark Trumbo,28,ARI,NL,88,362,328,37,77,15,1,14,61,2,3,28,89,0.235,0.293,0.415,0.707,95,136,8,1,0,5,3,0.077,0.246,0.18,0.274,0.308,91.0,-3.6,-7.5,-14.4,-1.2
J.P. Arencibia,28,TEX,AL,63,222,203,20,36,9,0,10,35,0,0,10,62,0.177,0.239,0.369,0.608,67,75,6,7,0,2,0,0.045,0.279,0.192,0.195,0.27,64.0,-1.4,-10.2,-8.6,-1.3
Leury Garcia,23,CHW,AL,74,155,145,13,24,3,0,1,6,11,1,5,48,0.166,0.192,0.207,0.399,15,30,6,0,4,1,1,0.032,0.31,0.041,0.237,0.177,4.0,1.8,-14.6,-2.2,-1.3
Ryan Raburn,33,CLE,AL,74,212,195,18,39,7,0,4,22,0,0,13,51,0.2,0.25,0.297,0.547,53,58,8,1,0,3,1,0.061,0.241,0.097,0.245,0.244,52.0,-2.2,-13.3,-5.1,-1.3
Skip Schumaker,34,CIN,NL,83,271,247,22,58,12,0,2,22,2,1,18,50,0.235,0.287,0.308,0.595,68,76,3,1,3,2,0,0.066,0.185,0.073,0.284,0.269,65.0,0.4,-10.1,-9.5,-1.3
Jose Molina,39,TBR,AL,80,247,225,4,40,2,0,0,10,3,0,14,55,0.178,0.23,0.187,0.417,22,42,8,2,4,2,0,0.057,0.223,0.009,0.233,0.196,21.0,-1.4,-22.7,2.0,-1.4
Alberto Callaspo,31,OAK,AL,127,451,404,37,90,15,0,4,39,0,1,40,50,0.223,0.29,0.29,0.58,67,117,18,1,0,6,1,0.089,0.111,0.067,0.242,0.264,68.0,-6.6,-22.4,-5.7,-1.5
Domonic Brown,26,PHI,NL,144,512,473,47,111,22,1,10,63,7,1,34,91,0.235,0.285,0.349,0.634,77,165,9,1,0,4,4,0.066,0.178,0.114,0.269,0.28,75.0,-1.6,-16.1,-14.9,-1.7
Allen Craig,29,TOT,MLB,126,505,461,41,99,20,1,8,46,2,1,35,113,0.215,0.279,0.315,0.594,67,145,14,7,0,2,0,0.069,0.224,0.1,0.266,0.269,68.0,-6.9,-24.6,-5.8,-1.7
Nick Swisher,33,CLE,AL,97,401,360,33,75,20,0,8,42,0,0,36,111,0.208,0.278,0.331,0.608,70,119,7,0,1,4,0,0.09,0.277,0.122,0.273,0.274,73.0,-0.5,-12.5,-16.0,-1.7
Kendrys Morales,31,TOT,AL,98,401,367,28,80,20,0,8,42,0,0,27,68,0.218,0.274,0.338,0.612,75,124,12,3,0,4,3,0.067,0.17,0.12,0.244,0.271,72.0,-5.7,-17.9,-11.5,-1.8
Matt Dominguez,24,HOU,AL,157,607,564,51,121,17,0,16,57,0,1,29,125,0.215,0.256,0.33,0.586,65,186,23,5,2,7,2,0.048,0.206,0.115,0.244,0.26,62.0,-6.6,-31.7,-7.5,-2.2
Michael Choice,24,TEX,AL,86,280,253,20,46,6,1,9,36,1,0,21,69,0.182,0.25,0.32,0.57,58,81,11,3,0,3,0,0.075,0.246,0.138,0.208,0.257,55.0,-2.3,-16.3,-13.8,-2.3
